[{"id":"user-image-10286445.png","publicUrl":"np://user.desktop.nicepage.com/Site_788122391/images/10286445.png","size":3288,"hash":"7BQYofCjeucqPjMhI7T80NRnzHI=","fileName":"10286445.png","name":"10286445","width":128,"height":128,"thumbnail":{"url":"np://user.desktop.nicepage.com/Site_788122391/images/thumbnails/10286445.png","width":128,"height":128,"length":3288,"type":"png"},"usages":["21238672"]},{"id":"user-image-2990079.png","publicUrl":"np://user.desktop.nicepage.com/Site_788122391/images/2990079.png","size":1729,"hash":"a4GdCmO8xnv86A44irYE83i3NS0=","fileName":"2990079.png","name":"2990079","width":128,"height":128,"thumbnail":{"url":"np://user.desktop.nicepage.com/Site_788122391/images/thumbnails/2990079.png","width":128,"height":128,"length":1729,"type":"png"},"usages":["296898006"]},{"id":"user-image-3405244.png","publicUrl":"np://user.desktop.nicepage.com/Site_788122391/images/3405244.png","size":1556,"hash":"aKMg80H5Jh7mGIfAyPIXR7ahNo8=","fileName":"3405244.png","name":"3405244","width":128,"height":128,"thumbnail":{"url":"np://user.desktop.nicepage.com/Site_788122391/images/thumbnails/3405244.png","width":128,"height":128,"length":1556,"type":"png"},"usages":["296898006"]},{"id":"user-image-3239948.png","publicUrl":"np://user.desktop.nicepage.com/Site_788122391/images/3239948.png","size":1570,"hash":"kC9U16fMAIHkQ+20fvnBttN0APQ=","fileName":"3239948.png","name":"3239948","width":128,"height":128,"thumbnail":{"url":"np://user.desktop.nicepage.com/Site_788122391/images/thumbnails/3239948.png","width":128,"height":128,"length":1570,"type":"png"},"usages":["830800696"]},{"id":"user-image-159832.png","publicUrl":"np://user.desktop.nicepage.com/Site_788122391/images/159832.png","size":3050,"hash":"6tN7b3GIuOknnSXcPvdMuWaJcqo=","fileName":"159832.png","name":"159832","width":128,"height":128,"thumbnail":{"url":"np://user.desktop.nicepage.com/Site_788122391/images/thumbnails/159832.png","width":128,"height":128,"length":3050,"type":"png"},"usages":["830800696"]},{"id":"user-image-1161016.png","publicUrl":"np://user.desktop.nicepage.com/Site_788122391/images/1161016.png","size":3645,"hash":"XpmzK35rqfr6VtW+zI2uX7FJwXI=","fileName":"1161016.png","name":"1161016","width":128,"height":128,"thumbnail":{"url":"np://user.desktop.nicepage.com/Site_788122391/images/thumbnails/1161016.png","width":128,"height":128,"length":3645,"type":"png"},"usages":["830800696"]},{"id":"user-image-1742553.png","publicUrl":"np://user.desktop.nicepage.com/Site_788122391/images/1742553.png","size":4742,"hash":"RFWLdslJwmv0DiFhe6rIBQRXMM0=","fileName":"1742553.png","name":"1742553","width":128,"height":128,"thumbnail":{"url":"np://user.desktop.nicepage.com/Site_788122391/images/thumbnails/1742553.png","width":128,"height":128,"length":4742,"type":"png"},"usages":["830800696"]},{"id":"user-image-image.png","publicUrl":"np://user.desktop.nicepage.com/Site_788122391/images/image.png","size":26583,"hash":"KrxXDWaBy66RLIFX0NYgTwwTsW4=","fileName":"image.png","name":"image","width":572,"height":190,"thumbnail":{"url":"np://user.desktop.nicepage.com/Site_788122391/images/thumbnails/image.png","width":250,"height":83},"usages":[]}]