-- Adminer 4.8.1 MySQL 8.0.32 dump

SET NAMES utf8;
SET time_zone = '+00:00';
SET foreign_key_checks = 0;
SET sql_mode = 'NO_AUTO_VALUE_ON_ZERO';

SET NAMES utf8mb4;

DROP DATABASE IF EXISTS `SeniorSuite`;
CREATE DATABASE `SeniorSuite` /*!40100 DEFAULT CHARACTER SET utf8mb4 COLLATE utf8mb4_0900_ai_ci */ /*!80016 DEFAULT ENCRYPTION='N' */;
USE `SeniorSuite`;

DROP TABLE IF EXISTS `Familiar`;
CREATE TABLE `Familiar` (
  `Familiar` int NOT NULL AUTO_INCREMENT,
  `Nombre_Familiar` varchar(50) CHARACTER SET utf8mb4 COLLATE utf8mb4_0900_ai_ci NOT NULL,
  `Parentezco` int DEFAULT NULL,
  `Telefono_Familiar` bigint NOT NULL,
  PRIMARY KEY (`Familiar`),
  KEY `Parentezco` (`Parentezco`),
  CONSTRAINT `Familiar_ibfk_1` FOREIGN KEY (`Parentezco`) REFERENCES `Parentezco` (`Parentezco`) ON DELETE SET NULL
) ENGINE=InnoDB AUTO_INCREMENT=25 DEFAULT CHARSET=utf8mb4 COLLATE=utf8mb4_0900_ai_ci;

INSERT INTO `Familiar` (`Familiar`, `Nombre_Familiar`, `Parentezco`, `Telefono_Familiar`) VALUES
(1,	'Victor Ulises Miranda',	1,	5588890096),
(2,	'Adair Nicolas ',	3,	5522000348),
(3,	'Karla Estrada ',	2,	5547950013),
(4,	'Arcadio Lopez',	1,	5568992100),
(5,	'Yexalen Cruz ',	3,	5559888623),
(6,	'Ives Lancelote ',	1,	5566314000),
(7,	'Leo Llera',	1,	5544778899),
(8,	'Job Paniagua',	2,	5522448866),
(9,	'Jennifer Aniston',	1,	5533992277),
(10,	'Mauricio Alvarado',	1,	5553333021),
(11,	'Angel Gabriel ',	1,	5552015773),
(12,	'Raul Ayala ',	2,	5520003145),
(13,	'Luis Lopez ',	3,	5557896482),
(14,	'Axel Cardenas',	3,	5523007986),
(15,	'Irene Briones ',	3,	5586479135),
(16,	'Bruno Reyes',	2,	5564791325),
(17,	'Sarahi Tapia',	3,	5563214789),
(18,	'Zury Ives ',	1,	5587412369),
(22,	'Jacob Hawk',	1,	55779922),
(23,	'Victor Calderon',	1,	5511226633),
(24,	'Pepe Tono',	1,	5511667722);

DROP TABLE IF EXISTS `Notas_medicas`;
CREATE TABLE `Notas_medicas` (
  `id_nota` int NOT NULL AUTO_INCREMENT,
  `No_Expediente` bigint NOT NULL,
  `Nota` text CHARACTER SET utf8mb4 COLLATE utf8mb4_0900_ai_ci NOT NULL,
  `id_usuario` int NOT NULL DEFAULT '1',
  PRIMARY KEY (`id_nota`),
  KEY `Paciente` (`No_Expediente`),
  KEY `id_usuario` (`id_usuario`),
  CONSTRAINT `Notas_medicas_ibfk_1` FOREIGN KEY (`No_Expediente`) REFERENCES `Paciente` (`No_Expediente`) ON DELETE CASCADE ON UPDATE CASCADE,
  CONSTRAINT `Notas_medicas_ibfk_2` FOREIGN KEY (`id_usuario`) REFERENCES `Usuario` (`id_usuario`) ON DELETE CASCADE
) ENGINE=InnoDB AUTO_INCREMENT=80 DEFAULT CHARSET=utf8mb4 COLLATE=utf8mb4_0900_ai_ci;

INSERT INTO `Notas_medicas` (`id_nota`, `No_Expediente`, `Nota`, `id_usuario`) VALUES
(59,	20230750000,	'No hay notas aún',	75000),
(60,	20230750002,	'No hay notas aùn',	75005),
(61,	20230750003,	'No hay notas aùn',	75004),
(62,	20230750001,	'No hay notas aùn',	75001),
(63,	20230750004,	'No hay notas aùn',	75003),
(64,	20230750005,	'No hay notas aùn',	75008),
(65,	20230750006,	'No hay notas aùn',	75002),
(66,	20230750007,	'No hay notas aùn',	75007),
(67,	20230750008,	'No hay notas aùn',	75000),
(68,	20230750009,	'No hay notas aùn',	75006),
(69,	20230750000,	'¿Qué Es La Depresión?\r\nLa depresión clínica, es una enfermedad grave y común que nos afecta física y mentalmente en nuestro modo de sentir y de pensar. La depresión nos puede provocar deseos de alejarnos de nuestra familia, amigos, trabajo, y escuela. Puede además causarnos ansiedad, pérdida del sueño, del apetito, y falta de interés o placer en realizar diferentes actividades.\r\n\r\n“Juan y yo habíamos imaginado durante mucho tiempo planes maravillosos para visitar a nuestras familias y volver a ver a nuestros amigos. Sin embargo, en ese momento hacer un viaje, era la última cosa que yo quería hacer. ¡Me sentía tan cansada! Algunas mañanas ni siquiera podía levantarme de la cama”.\r\n\r\n“Me despertaba todas las noches antes del amanecer. Me preocupaba por mi bebé, por mi mamá, por mi trabajo. Luego, cuando logré conseguir uno, ni siquiera podía concentrarme en lo que estaba haciendo”.\r\n\r\n“Mi familia y mis amigos se dieron cuenta que \"yo ya no era el mismo\". No podía disfrutar de las cosas que me gustaban, como el baile, ver una película, e incluso hacer el amor. ¡No entendía qué me estaba pasando, y me preocupaba pensar que me sentiría así para siempre!”\r\n\r\n“Tenía problemas enormes para dormir, no hacía bien mi trabajo, le perdí el gusto a las comidas”.\r\n\r\n“Después de dar a luz a mi bebé, pensé que estaría feliz, pero me sentía cada vez peor. Estaba muy triste, me sentía culpable de no disfrutar de mi nuevo bebé”.\r\n\r\n¿Es esto lo que le está pasando a usted?\r\n\r\n¿Le está sucediendo a alguien que usted conoce?\r\n\r\n¿Sabía que todas estas personas podrían estar experimentando una depresión clínica?\r\n\r\nCasi todos nosotros hemos sentido alguna vez, una inmensa tristeza en nuestras vidas. Esto es normal. Pero si esta tristeza o actitud depresiva continúa por mas de dos semanas, se debe buscar ayuda. Sentir tristeza es normal, estar deprimido clínicamente no lo es.\r\n\r\nLa depresión clínica no es simplemente una angustia, es también una tristeza o melancolía permanente. Nos lleva a sentir inútiles, sin esperanza; a veces, es posible que nos querramos dar por vencidos. La depresión clínica causa pérdida del placer en la vida diaria, tensión en el trabajo y en las relaciones, agrava condiciones médicas e incluso puede llevarle al suicidio.\r\n\r\nCon ayuda esa nube oscura desaparecerá y volverá a ver el cielo azul. El sol puede y debe brillar de nuevo para usted.\r\n\r\nLa depresión es una enfermedad tratable. Con ayuda y apoyo se puede curar.\r\n\r\nLa depresión clínica puede ser tratada.\r\n\r\nPodemos volver a tomar el control de nuestras vidas. No necesitamos vivir sintiéndonos ansiosos, tristes e irritables. ¡Tampoco necesitamos pasar noches en vela!\r\n\r\nCualquier persona que experimente síntomas depresivos debe ser diagnosticada y tratada.\r\n\r\nExisten diferentes maneras de controlar las diferentes formas de depresión. La más común, pero la más severa es la depresión clínica. En este folleto nos dedicamos a explicarle sobre la depresión clínica.\r\n\r\nDiagnóstico\r\n\r\n¿A quién le puede afectar la depresión clínica?\r\n\r\nPuede afectar a cualquier persona, de cualquier nivel económico y en cualquier edad. ¡Las enfermedades mentales no discriminan! Afectan a ricos y pobres, blancos y negros, hispano/latinos y asiáticos, ancianos y niños.\r\n\r\nSin embargo, cuando los hispanos/latinos experimentamos problemas de salud mental, debemos afrontar además de nuestra enfermedad, numerosas barreras para recibir cuidados y tratamiento adecuados. Entre las barreras más comunes se encuentran las diferencias socio-económicas, la desigualdad en el acceso de cobertura en salud, la falta de sensibilidad sociocultural en la relación paciente — proveedor, y la falta de seguro de salud.\r\n\r\nPor eso es importante que estemos bien informados sobre nuestros derechos de ser respetados y atendidos con dignidad y libres de prejuicios o estigmas.\r\n\r\n¿Cuáles son los factores que contribuyen a la depresión clínica?\r\n\r\nLas razones para caer en un estado depresivo son muy variadas. Algunas personas caen en depresión clínica cuando experimentan un acontecimiento emotivo en sus vidas, por ejemplo, cuando perdemos el trabajo o terminamos una relación amorosa importante.\r\n\r\nA otras personas les puede afectar como resultado de una suma de factores y acontecimientos: Cuando migramos y dejamos atrás en nuestro país nuestra familia y amigos más queridos; cuando sentimos falta de habilidad para comunicarnos; cuando nos resulta difícil entender e integrarnos a una nueva cultura. Sin embargo, hay gente que puede llegar a sentirse deprimida sin ninguna advertencia previa.\r\n\r\nAlgunos factoresque pueden contribuir a la depresión clínica son entre otros:\r\n\r\n \r\n\r\nSexo, las mujeres sufren dos veces más de depresión que los hombres. Aunque las razones no son claras, existen diferencias genéticas y hormonales que pueden contribuir a la depresión.\r\nAntecedentes familiares, cuando algún miembro de su familia padece de depresión severa, hay el doble de posibilidades para adquirirla. Aunque puede ocurrir en personas que no tienen parientes con depresión.\r\nUso de ciertas medicinas, algunos medicamentos con o sin receta médica pueden causar depresión clínica. \r\nCambios o dificultades en la vida, tales como divorcio, jubilación, la muerte de un ser querido, pérdida del trabajo, cambio de país y estilo de vida, crecientes presiones en el trabajo o incremento en la pobreza.\r\nSentimientos de pérdida de control sobre nuestras vidas. Aquellas personas a menudo sienten que perdieron el control y pasan mucho tiempo lamentándose por ello, tienen mayor probabilidad de desarrollar una depresión mayor.\r\nPresencia de otras enfermedades tales como Alzheimer, cáncer, diabetes, afecciones al corazón, desórdenes hormonales, mal de Parkinson o trombosis. Así como también otros trastornos mentales como la ansiedad y trastornos de la alimentación.\r\nAbuso del alcohol o drogas, cuando se tiene problemas de consumo de alcohol y otras drogas se tiene mayor probabilidad de desarrollar una depresión mayor.\r\n \r\n\r\nSi sospecha que está sufriendo de depresión, complete el siguiente cuestionario. Este ejercicio le ayudará a identificarla. Para ello tenga en cuenta las siguientes pautas:\r\n\r\nPiense acerca de lo que está sintiendo. Defina cuál es el síntoma más cercano a lo que usted siente. Conteste honestamente a cada una de las preguntas. Marque sus respuestas en el cuadro al frente.\r\n\r\n¿Estoy triste o enfermo de depresión?\r\n¿Se siente triste, ansioso, o tiene un sentimiento de vacío permanente?\r\n¿Tiene sentimiento de culpa, no le encuentra sentido a su vida, o está desesperado?\r\n¿Tiene problemas para concentrarse, memorizar, o tomar decisiones?\r\n¿Se siente muy cansado, débil o sin energía?\r\n¿Tiene problemas para dormir, padece de insomnio o se da cuenta de que está durmiendo demasiado?\r\n¿Ha perdido el apetito y el interés en comer o por el contrario, encuentra que está comiendo todo el tiempo?\r\n¿Se siente irritado o desesperado?\r\n¿Tiene dolores y sufrimientos que no se alivian por más que lo ha intentado?\r\n¿Ha perdido interés en actividades que antes disfrutaba, incluyendo el sexo?\r\n¿Tiene sentimientos de culpa, desespero, abandono, pesimismo o desesperanza?\r\n¿Tiene pensamientos suicidas o de muerte? \r\nSíntomas\r\n\r\n¿Cuáles son los síntomas de la depresión clínica?\r\n\r\nExisten varios, sin embargo, no se presentan los síntomas de la misma manera en todas las personas. En algunas personas pueden aparecer sólo algunos, mientras que en otras pueden presentarse muchos de ellos.\r\n\r\nPida cita con su doctor de inmediato, si:\r\n\r\nHa tenido cinco o más de estos síntomas por más de dos semanas;\r\nLos síntomas están afectando su vida diaria;\r\nHa contemplado la posibilidad de suicidio.\r\nCuando vaya a ver a su médico, puede llevarle sus respuestas a este cuestionario. También puede pedir que le hagan una prueba sobre depresión. Estas pruebas están disponibles en todo el país, son gratis, rápidas y fáciles de hacer. Para hacerla no necesita dar su nombre, son confidenciales.\r\n\r\nNo se sienta avergonzado de buscar ayuda. Siempre es más saludable y recomendable hablar con alguien que tratar de buscar alivio en el alcohol o las drogas. Además esta práctica puede agravar más aún sus síntomas de depresión.\r\n\r\nEl tratamiento\r\n\r\n¿Cómo se trata la depresión?\r\n\r\nLas maneras más comunes de tratar la depresión clínica son suministrando medicamentos, psicoterapia, o una combinación de ambos. La elección del tratamiento depende de:\r\n\r\nla severidad de los síntomas,\r\nlos antecedentes de la enfermedad,\r\nla preferencia de la persona.\r\nLa depresión clínica es una de las enfermedades médicas más tratables. De cada 10 personas con depresión, más de ocho se sentirán mejor con ayuda profesional.\r\n\r\nMuchos hispano/latinos no buscamos ayuda para tratar la depresión. Creemos erróneamente que si lo hacemos podemos ser calificados como personas débiles o sin carácter. Otras veces, creemos que los síntomas de la depresión desaparecerán con el tiempo, por sí solos, \"si ponemos de nuestra parte\". Estas ideas son falsas. Cualquier persona que sufra de depresión, así como cualquier otra enfermedad grave, necesita ayuda profesional especializada. Los síntomas seguirán ahí, hasta tanto no se inicie el tratamiento; entre más pronto lo hagamos, más pronto nos empezaremos a sentir mejor.\r\n\r\nMedicamentos\r\n\r\nLos medicamentos comunes para el tratamiento de la depresión se llaman antidepresivos. Ellos restablecen el equilibrio químico normal de las partes del cerebro que tienen que ver con las emociones. Los antidepresivos no crean hábito, ni cambian nuestra personalidad. Ellos nos ayudan a tener un mejor estado de animo, así como a mejorar nuestros patrones de apetito y sueño.\r\n\r\nNormalmente los antidepresivos necesitan tiempo para que alcancen todo su potencial, es decir, no actúan sobre nuestro organismo de manera inmediata. Después de haber iniciado el tratamiento, comenzaremos a sentir mejor en 3 o 4 semanas. Algunas personas pueden tardar de 6 a 8 semanas antes de sentir su acción benéfica.\r\n\r\nPara recetarle el medicamento que más le convenga, su médico tendrá que observarlo y con su ayuda decidirá la cantidad que funciona mejor en su organismo. Por eso es importante que se comunique regularmente con él y que tome los medicamentos tal y como le indique. Progresivamente su doctor podrá sugerirle cambio en las dosis hasta lograr el tratamiento más adecuado para usted.\r\n\r\nAún cuando nos empecemos a sentir mejor, es muy importante que entendamos que debemos continuar tomando nuestros antidepresivos, por lo menos de 4 a 9 meses después de que los síntomas hayan mejorado.\r\n\r\nPsicoterapia\r\n\r\nPodemos elegir diferentes formas de psicoterapia, que incluye tratamiento individual, familiar o de grupo. Los psicólogos clínicos, psiquiatras, trabajadores sociales y consejeros están preparados para entender y ayudarle a manejar mejor sus problemas.\r\n\r\n“Para mí fue difícil tomar la decisión de ir a ver al Dr. García. Pero hablar con él me ayudó mucho. Escuchó mis problemas con mucha atención, nunca me hizo sentir avergonzado. Tampoco me criticó por sentirme como me sentía. Después de un tiempo, volví a tener optimismo acerca de mi futuro. Sin la terapia, no me imagino dónde estaría hoy.”\r\n\r\n“No quería ir a ver a un terapeuta, me sentía muy nerviosa. Además me parecía que no tenían derecho de enterarse de mis problemas. ¿Por qué hablar con un desconocido, si ni siquiera quería que se enterara mi mejor amiga? Sin embargo, con mi silencio las cosas no mejoraban. Por más que ponía todo mi empeño cada día me sentía más y más deprimida. Conseguí el nombre de una terapeuta en español y cerca de mi trabajo. Después de 3 meses de recibir ayuda de un consejero y tomar mis antidepresivos, empecé a ver luz al final del túnel. Todavía me siento muy orgullosa de mi misma, no sólo por haber superado mi desconfianza para pedir ayuda, sino por haber logrado dar el paso hacia mi mejoría”.\r\n\r\n“Despues de un mes de terapia y de tomar medicamentos, sentí esperanza de nuevo, me siento como antes. Mi familia está aliviada y contenta de verme así”.\r\n\r\nLos medicamentos y la terapia no funcionan para todos en la misma forma. Por esta razón, si no se siente mejor después de 6 u 8 semanas de haber empezado con su tratamiento, hable con su doctor. Quizá un cambio en la dosis de su medicamento o un cambio de terapeuta, puedan ayudarlo mejor.',	75000),
(70,	20230750001,	'¿Qué es la ansiedad?\r\nLa ansiedad es un sentimiento de miedo, temor e inquietud. Puede hacer que sude, se sienta inquieto y tenso, y tener palpitaciones. Puede ser una reacción normal al estrés. Por ejemplo, puede sentirse ansioso cuando se enfrenta a un problema difícil en el trabajo, antes de tomar un examen o antes de tomar una decisión importante. Si bien la ansiedad puede ayudar a enfrentar una situación, además de darle un impulso de energía o ayudarle a concentrarse, para las personas con trastornos de ansiedad el miedo no es temporal y puede ser abrumadora.\r\n\r\n¿Qué son los trastornos de ansiedad?\r\nLos trastornos de ansiedad son afecciones en las que la ansiedad no desaparece y puede empeorar con el tiempo. Los síntomas pueden interferir con las actividades diarias, como el desempeño en el trabajo, la escuela y las relaciones entre personas.\r\n\r\n¿Cuáles son los tipos de trastornos de ansiedad?\r\nExisten varios tipos de trastornos de ansiedad, incluyendo:\r\n\r\nTrastorno de ansiedad generalizada: Las personas con este trastorno se preocupan por problemas comunes como la salud, el dinero, el trabajo y la familia. Pero sus preocupaciones son excesivas y las tienen casi todos los días durante al menos 6 meses\r\nTrastorno de pánico: Las personas con trastorno de pánico sufren de ataques de pánico. Estos son repentinos y repetidos momentos de miedo intenso sin haber un peligro aparente. Los ataques se producen rápidamente y pueden durar varios minutos o más\r\nFobias: Las personas con fobias tienen un miedo intenso a algo que representa poco o ningún peligro real. Su miedo puede ser por arañas, volar, ir a lugares concurridos o estar en situaciones sociales (conocida como ansiedad social)\r\n¿Qué causa los trastornos de ansiedad?\r\nNo se conoce la causa de la ansiedad. Factores como la genética, la biología y química del cerebro, el estrés y su entorno pueden tener un rol.\r\n\r\n¿Quién está en riesgo de tener trastornos de ansiedad?\r\nLos factores de riesgo para los diferentes tipos de trastornos de ansiedad pueden variar. Por ejemplo, el trastorno de ansiedad generalizada y las fobias son más comunes en las mujeres, pero la ansiedad social afecta a hombres y mujeres por igual. Existen algunos factores de riesgo generales para todos los tipos de trastornos de ansiedad, incluyendo:\r\n\r\nCiertos rasgos de personalidad, como ser tímido o retraído cuando está en situaciones nuevas o conoce personas nuevas\r\nEventos traumáticos en la primera infancia o la edad adulta\r\nAntecedentes familiares de ansiedad u otros trastornos mentales\r\nAlgunas afecciones de salud física, como problemas de tiroides o arritmia\r\n¿Cuáles son los síntomas de los trastornos de ansiedad?\r\nLos diferentes tipos de trastornos de ansiedad pueden tener síntomas diferentes. Pero todos muestran una combinación de:\r\n\r\nPensamientos o creencias ansiosos difíciles de controlar: Le hacen sentir inquieto y tenso e interfieren con su vida diaria. No desaparecen y pueden empeorar con el tiempo\r\nSíntomas físicos, como latidos cardíacos fuertes o rápidos, dolores y molestias inexplicables, mareos y falta de aire\r\nCambios en el comportamiento, como evitar las actividades cotidianas que solía hacer\r\nEl uso de cafeína, otras sustancias y ciertos medicamentos pueden empeorar sus síntomas.\r\n\r\n¿Cómo se diagnostican los trastornos de ansiedad?\r\nPara diagnosticar los trastornos de ansiedad, su profesional de la salud le preguntará sobre sus síntomas e historial médico. También es posible que le hagan un examen físico y pruebas de laboratorio para verificar que otro problema de salud no sea la causa de sus síntomas.\r\n\r\nSi no tiene otro problema de salud, recibirá una evaluación psicológica. Su proveedor puede hacerlo, o puede ser derivado a un profesional de salud mental para ello.\r\n\r\n¿Cuáles son los tratamientos para los trastornos de ansiedad?\r\nLos principales tratamientos para los trastornos de ansiedad son psicoterapia (terapia de conversación), medicamentos o ambos:\r\n\r\nLa terapia cognitiva conductual es un tipo de psicoterapia que a menudo se usa para tratar los trastornos de ansiedad. Enseña diferentes formas de pensar y comportarse. Puede ayudarle a cambiar cómo reacciona ante las cosas que le causan miedo y ansiedad. Puede incluir terapia de exposición, la que se enfoca en confrontar sus miedos para que pueda hacer las cosas que ha estado evitando\r\nLos medicamentos para tratar los trastornos de ansiedad incluyen medicamentos contra la ansiedad y ciertos antidepresivos. Algunos tipos de medicamentos pueden funcionar mejor para tipos específicos de trastornos de ansiedad. Debe comunicarse bien con su profesional de la salud para identificar qué medicamento es mejor para usted. Es posible que deba probar más de un medicamento antes de encontrar el correcto\r\nNIH: Instituto Nacional de la Salud Mental',	75001),
(71,	20230750002,	'En algún momento de sus vidas, muchas personas pueden sufrir episodios cortos de soledad. Este tipo de sentimientos son generalmente cortos y no se consideran crónicos. Sin embargo, cuando los sentimientos de soledad y aislamiento empeoran y continúan a largo plazo, pueden presentarse síntomas y signos más graves para tener en cuenta, y pasos que puedes seguir para ayudarte a manejar la soledad crónica.\r\n\r\n¿Qué es la soledad crónica?\r\nLa soledad crónica ocurre cuando los sentimientos de soledad y de aislamiento social continúan durante un período prolongado. Se caracteriza por sentimientos constantes y continuos de sentirse solo, alejado o separado de los demás y la incapacidad de conectarse a un nivel más profundo. Además, puede estar acompañada de sentimientos profundos de inseguridad, baja autoestima o ansiedad social.1\r\n\r\nLa soledad continua puede afectar incluso a la persona más sociable. Ser \"el alma de la fiesta\" no te excluye de caer en soledad crónica. Este tipo de soledad crónica o a largo plazo puede afectar, con el tiempo, todas las áreas de tu vida.\r\n\r\n¿Cuáles son los principales signos y síntomas de la soledad crónica?\r\nLos signos y síntomas de la soledad crónica pueden variar según la persona y la situación. Si constantemente sientes algunos de estos síntomas o todos ellos, podrías estar experimentando soledad crónica:\r\n\r\nIncapacidad de conectarte con otros en un nivel más profundo e íntimo. Quizás tienes amigos y familiares, pero tu nivel de interacción con ellos es superficial. Tu interacción no se siente conectada de una manera que te brinde satisfacción y esta desconexión parece no terminar nunca.\r\nNo tienes amigos cercanos o \"mejores\" amigos. Tienes amigos, pero son eventuales o apenas conocidos y sientes que nadie \"te entiende\" realmente.\r\nUn enorme sentimiento de aislamiento estés donde estés y con quién estés. Estás en una fiesta con muchas personas, pero te sientes aislado, separado y desconectado. En el trabajo, puedes sentirte distanciado y solo. Lo mismo en el autobús, el tren o en una calle concurrida. Es como si estuvieras en tu propia burbuja inquebrantable.\r\nSentimientos negativos de duda y de autoestima. ¿Sientes que no eres lo suficientemente bueno? Estos sentimientos, a largo plazo, son posibles síntomas de la soledad crónica.\r\nCuando intentas conectarte o comunicarte, no es correspondido y no eres visto o escuchado.\r\nAgotamiento y fatiga cuando tratas de socializar. Si tienes soledad crónica, tratar de salir y socializar con otros puede provocarte agotamiento. Estos sentimientos continuos de agotamiento pueden conducirte a otros problemas, como insomnio, debilidad del sistema inmunológico, una dieta deficiente, entre otros.\r\n¿La soledad crónica puede llevar a problemas de salud?\r\nLos sentimientos de soledad prolongados pueden afectar tu salud de diversas formas. Por ejemplo, la soledad crónica puede aumentar los niveles de cortisol en el cuerpo. El cortisol es una hormona que crea el cuerpo cuando está bajo estrés. Con el tiempo, los altos niveles de cortisol pueden producir presión arterial alta, aumento de peso, debilidad muscular, problemas de concentración, entre otros.2\r\n\r\nSi no se controlan, estos síntomas de soledad pueden aumentar tu riesgo de problemas médicos y emocionales más graves, incluidos los siguientes:3\r\n\r\nDepresión\r\nAnsiedad\r\nDerrame cerebral\r\nEnfermedad cardíaca\r\nSi crees que estás sufriendo de soledad prolongada, consulta con tu médico o terapeuta.\r\n\r\n¿Cómo afecta la soledad crónica a tu cerebro?\r\nLas investigaciones demuestran que la soledad crónica puede tener un impacto significativo en tu salud, incluso en tu cerebro. Algunos estudios incluso sugieren que puede existir un vínculo entre la soledad y un mayor riesgo de desarrollar demencia y Alzheimer.3\r\n\r\nLos sentimientos prolongados de soledad y aislamiento social pueden, además, reducir las destrezas cognitivas, como la concentración, toma de decisiones, solución de problemas e incluso la capacidad de cambiar los pensamientos negativos. Y esto puede llevar a la depresión.4\r\n\r\n¿Quién es más propenso a sentir soledad crónica?\r\nLa soledad crónica o prolongada puede afectar a todas las personas. Es fácil suponer que alguien que es tímido o introvertido por naturaleza podría tener mayor riesgo, pero alguien sociable con personalidad tipo A también puede sentir soledad crónica, aunque parezca ser el alma de la fiesta. Este tipo de soledad no es exclusivo de ningún tipo de personalidad.\r\n\r\nPara algunas personas, la soledad crónica puede convertirse en un efecto secundario de un problema médico o emocional, incluso aquellos relacionados con lo siguiente:\r\n\r\nUso de sustancias\r\nDepresión y trastorno bipolar\r\nEnfermedad o condición grave\r\nFormas leves de autismo, como síndrome de Asperger\r\nDemencia y Alzheimer\r\nTemas relacionados con la orientación sexual\r\nTodos estos temas pueden llevar a sentimientos prolongados de soledad y aislamiento. Asegúrate de que tu médico, terapeuta u otro proveedor de salud sepa cómo te sientes emocionalmente.\r\n\r\n¿Cuáles son algunos consejos para manejar la soledad crónica?\r\nSi estás sufriendo sentimientos de soledad que no desaparecen, ten en cuenta estos consejos:\r\n\r\nHabla con tu médico, terapeuta u otro profesional del cuidado de la salud. La soledad crónica no se limita a los sentimientos de aislamiento social y distanciamiento de los demás. Con frecuencia, está vinculada con creencias continuas y profundas negativas sobre uno mismo que pueden causar otros problemas médicos o emocionales. Cuéntale a alguien lo que te ocurre.\r\nConéctate con otras personas de forma positiva y saludable. Aunque puede resultar difícil, haz el esfuerzo de conectar con los demás. Trabajar como voluntario, inscribirte en algún club, unirte a grupos de ejercicios y otras oportunidades pueden ayudar a levantar tu autoestima y a encontrar una forma segura y satisfactoria de conectarte con otros.\r\nHaz ejercicio y toma un poco de sol. Estar activo y a la luz del sol puede ayudarte a elevar las endorfinas y la serotonina.5 Estas \"hormonas del cerebro\" pueden mejorar el ánimo y calidad del sueño, así como ayudar a las personas a sentirse más felices.\r\nEncuentra un grupo de apoyo, especialmente si la soledad crónica es un efecto secundario de algún otro problema que podrías estar enfrentando, como el uso de sustancias, pérdida de un ser querido, soledad después de un divorcio o separación, una enfermedad de aislamiento o crónica, etc. Recibir apoyo de otras personas que pueden compartir sentimientos similares puede ayudar a aliviar los síntomas de la soledad crónica.\r\nSi estás sufriendo de soledad prolongada y parece que no desaparecerá, habla con tu médico u otro proveedor de cuidado de la salud para que pueda ayudarte. La soledad crónica no se trata únicamente de sentirse solo; si no se controla, puede ponerte en riesgo de problemas físicos y emocionales graves.',	75005),
(72,	20230750003,	'El trastorno por déficit de atención/hiperactividad (TDAH) es un síndrome de falta de atención, hiperactividad e impulsividad. Hay 3 tipos de TDAH según predomine la falta de atención, la hiperactividad/impulsividad o una combinación de ambas. El diagnóstico se realiza por criterios clínicos. Por lo general, el tratamiento incluye farmacoterapia con fármacos estimulantes, terapia conductista e intervenciones educacionales.\r\nEl trastorno por déficit de atención/hiperactividad (TDAH) se considera una enfermedad del neurodesarrollo. Los trastornos del neurodesarrollo son las condiciones neurológicas que aparecen en la primera infancia, por lo general antes de entrar a la escuela, y afectan el desarrollo del funcionamiento personal, social, académico y/o laboral. Por lo general implican dificultades con la adquisición, conservación o aplicación de habilidades o conjuntos de información específicos. Los trastornos del desarrollo neurológico pueden implicar disfunción en una o más de las siguientes áreas: la atención, la memoria, la percepción, el lenguaje, la resolución de problemas o la interacción social. Otros trastornos del neurodesarrollo comunes incluyen trastornos del espectro autista, trastornos del aprendizaje (p. ej., dislexia) y discapacidad intelectual.\r\n\r\nAlgunos expertos consideraban previamente al TDAH un trastorno del comportamiento, probablemente debido a os trastornos de la conducta comórbidos, en particular porque los trastornos de oposición desafiante y el trastorno de conducta, son comunes. Sin embargo, el TDAH tiene fundamentos neurológicos bien establecidos y no es simplemente \"mala conducta\".\r\n\r\nSe estima que afecta al 5-15% de los niños (1). Sin embargo, muchos expertos opinan que se sobrediagnostica TDAH, en gran medida por aplicación inexacta de los criterios. Según el Diagnostic and Statistical Manual of Mental Disorders, quinta edición (DSM-5), existen 3 tipos:\r\n\r\nCon predominio del déficit de atención\r\nCon predominio de hiperactividad/impulsividad\r\nCombinado\r\nEn general, el TDAH es 2 veces más común en los varones, aunque las proporciones varían según el tipo. El tipo con predominio de hiperactividad/impulsividad es de 2 a 9 veces más frecuente en los varones; el tipo con predominio de déficit de atención se observa con igual frecuencia en ambos sexos. El TDAH tiende a agruparse en familias.\r\n\r\nEl TDAH no tiene una causa única y específica conocida. Las posibles causas de TDAH son factores genéticos, bioquímicos, sensitivomotores, fisiológicos y conductuales. Algunos factores de riesgo son un peso al nacer < 1.500 g, traumatismo craneoencefálico, deficiencia de hierro, apnea obstructiva del sueño y exposición al plomo, así como exposición prenatal a alcohol, tabaco y cocaína. El TDAH también se asocia con experiencias infantiles adversas (2). Menos del 5% de los niños con TDAH tiene evidencias de daño neurológico. Cada vez más evidencia implica diferencias de los sistemas dopaminérgico y noradrenérgico, con menor actividad o estimulación de la parte superior del tronco encefálico y los haces fronto-mesencefálicos.\r\n\r\nReferencias generales\r\n1. Boznovik K, McLamb F, O\'Connell K, et al: U.S. national, regional, and state‑specific socioeconomic factors correlate with child and adolescent ADHD diagnoses. Sci Rep 11:22008, 2021. doi: 10.1038/s41598-021-01233-2\r\n2. Brown N, Brown S, Briggs R, et al: Associations between adverse childhood experiences and ADHD diagnosis and severity. Acad Pediatr 17(4):349–355, 2017. doi: 10.1016/j.acap.2016.08.013\r\nTDAH en adultos\r\nA pesar de que el TDAH se considera un trastorno de los niños y siempre se inicia durante la infancia, las diferencias neuropsicológicas subyacentes persisten hasta la edad adulta y los síntomas conductuales se siguen evidenciando en la adultez en aproximadamente la mitad de los casos. Aunque el diagnóstico de vez en cuando puede no ser reconocido hasta la adolescencia o la edad adulta, algunas manifestaciones deberían haber estado presentes antes de los 12 años.\r\n\r\nEn los adultos, los síntomas incluyen\r\n\r\nDificultades para concentrarse\r\nDificultad para completar tareas (compromisos en la función ejecutiva)\r\nCambios de humor\r\nImpaciencia\r\nDificultades para mantener las relaciones\r\nLa hiperactividad en adultos por lo general se manifiesta como inquietud e intranquilidad en lugar de la hiperactividad motora que se produce en los niños pequeños. Los adultos con TDAH tienden a tener un mayor riesgo para el desempleo, una reducción de los logros educativos, y aumento de las tasas de abuso de sustancias y la criminalidad. Los choques y las infracciones de vehículos motorizados son más comunes.\r\n\r\nEl TDAH puede ser más difícil de diagnosticar durante la edad adulta. Los síntomas pueden ser similares a los de los trastornos del estado de ánimo, los desórdenes de ansiedad, y los trastornos por uso de sustancias. Puesto que el autoinforme de síntomas infantiles puede ser poco fiables, los médicos pueden tener que revisar los registros escolares o de entrevistas familiares para confirmar la existencia de manifestaciones antes de los 12 años.\r\n\r\nLos adultos con TDAH pueden beneficiarse con los mismos tipos de fármacos estimulantes que los niños con el mismo trastorno. También pueden beneficiarse con el asesoramiento para mejorar el manejo del tiempo y otras habilidades de adaptación.\r\n\r\nSíntomas y signos del TDAH\r\nA menudo, comienza antes de los 4 años de edad y siempre antes de los 12 años. La edad pico para el diagnóstico es entre 8 y 10 años; sin embargo, a veces no se diagnostica hasta después de la adolescencia en pacientes que presentan el tipo con predominio de déficit de atención.\r\n\r\nLos signos y síntomas centrales de TDAH son\r\n\r\nFalta de atención\r\nImpulsividad\r\nHiperactividad\r\nLa falta de atención tiende a aparecer cuando el niño realiza tareas que requieren vigilancia, tiempo de reacción rápido, búsqueda visual y perceptiva y escucha sistemática y sostenida.\r\n\r\nLa impulsividad se refiere a las acciones precipitadas que pueden provocar un resultado negativo (p. ej., en los niños, cruzar una calle sin mirar, en adolescentes y adultos, de repente dejar la escuela o un trabajo sin pensar en las consecuencias).\r\n\r\nLa hiperactividad implica actividad motora excesiva. Los niños, especialmente los más jóvenes, pueden tener dificultades para permanecer sentados en silencio cuando deben hacerlo (p. ej., en la escuela o en la iglesia). Los pacientes mayores pueden ser simplemente nerviosos, inquietos o habladores-a veces hasta el punto de que otras personas se sientan cansadas observándolos.\r\n\r\nLa falta de atención y la impulsividad impiden el desarrollo de habilidades académicas y de estrategias de pensamiento y razonamiento, la motivación para ir a la escuela y la adaptación a las demandas sociales. Los niños que presentan TDAH con predominio de déficit de atención tienen a aprender con la práctica y tienen dificultad en situaciones de aprendizaje pasivo que requieren rendimiento continuo y finalización de tareas.\r\n\r\nEn términos generales, alrededor del 20 al 60% de los niños con TDAH tiene trastornos de aprendizaje, pero se observa cierta disfunción escolar en la mayoría de los niños con este cuadro debido a falta de atención (que conduce a que pasen inadvertidos los detalles) e impulsividad (que determina que los niños respondan sin pensar acerca de las preguntas).\r\n\r\nLos antecedentes conductuales pueden revelar escasa tolerancia a la frustración, oposición, berrinches, agresión, malas aptitudes sociales y relaciones con compañeros, alteraciones del sueño, ansiedad, disforia, depresión y fluctuaciones anímicas.\r\n\r\nSi bien no hay ningún hallazgo específico en la exploración física ni en las pruebas de laboratorio asociado con TDAH, los signos pueden incluir\r\n\r\nIncoordinación motora o torpeza\r\nSignos neurológicos \"blandos\", no localizados\r\nDisfunciones perceptivo-motoras\r\nDiagnóstico del TDAH\r\nCriterios clínicos basados en el DSM-5\r\nEl diagnóstico de TDAH es clínico y se basa en una evaluación exhaustiva de los aspectos médicos, del desarrollo, educativos y psicológicos (véase también the American Academy of Pediatrics\' 2019 clinical practice guideline for the diagnosis, evaluation, and treatment of attention-deficit/hyperactivity disorder in children and adolescents de la american academy of pediatrics).\r\n\r\nCriterios diagnósticos del TDAH según el DSM-5\r\nLos criterios diagnósticos del DSM-5 incluyen 9 signos y síntomas de falta de atención y 9 de hiperactividad e impulsividad. El diagnóstico con estos criterios requiere ≥ 6 síntomas y signos de un grupo o de otro. Además, los síntomas necesitan\r\n\r\nEstar presentes a menudo por ≥ 6 meses\r\nSer más pronunciados que los previstos para el nivel de desarrollo del niño\r\nOcurre en al menos 2 situaciones (p. ej., el hogar y la escuela)\r\nEstar presentes antes de los 12 años (por lo menos algunos de los síntomas)\r\nInterferir con el funcionamiento en el hogar, la escuela o el trabajo\r\nSíntomas de falta de atención:\r\n\r\nNo presta atención a los detalles o comete errores por descuido en las tareas escolares o en otras actividades\r\nTiene dificultad para mantener la atención en las tareas escolares o durante el juego\r\nNo parece escuchar cuando se le habla en forma directa\r\nNo sigue las instrucciones ni finaliza las tareas\r\nTiene dificultad para organizar tareas y actividades\r\nEvita, no le gusta o rehúsa intervenir en tareas que requieren un esfuerzo mental sostenido durante un período prolongado\r\nA menudo extravía objetos necesarios para tareas o actividades de la escuela\r\nSe distrae fácilmente\r\nEs olvidadizo en las actividades diarias\r\nSíntomas de hiperactividad e impulsividad:\r\n\r\nMueve continuamente las manos o los pies, o se retuerce\r\nAbandona a menudo su asiento en la clase o en otros lugares\r\nA menudo corre o trepa en exceso en sitios donde estas actividades resultan inapropiadas\r\nTiene dificultad para jugar tranquilamente\r\nSiempre está haciendo algo o actúa como si tuviera un motor\r\nHabla en exceso\r\nResponde antes de que se completen las preguntas\r\nTiene dificultad para aguardar su turno\r\nInterrumpe a los demás o se entromete en sus actividades\r\nEl diagnóstico del tipo con predominio de déficit de atención exige ≥ 6 signos y síntomas de falta de atención. El diagnóstico del tipo hiperactivo-impulsivo exige ≥ 6 signos y síntomas de hiperactividad e impulsividad. El diagnóstico del tipo combinado exige ≥ 6 signos y síntomas cada uno de falta de atención e hiperactividad-impulsividad.\r\n\r\nOtras consideraciones diagnósticas\r\nLa diferenciación entre TDAH y otros cuadros puede ser difícil. Debe evitarse el sobrediagnóstico, y es preciso identificar con exactitud otros trastornos. Muchos signos de TDAH expresados durante los años preescolares también podrían indicar problemas de comunicación que pueden aparecer en otros trastornos del desarrollo (p. ej., trastornos del espectro autista) o en ciertos trastornos de aprendizaje, ansiedad, depresión o conductuales (p. ej., trastorno de conducta).\r\n\r\nLos médicos deben considerar si el niño es distraído por factores externos (es decir, factores ambientales) o internos (es decir, pensamientos, ansiedades, preocupaciones). Sin embargo, durante etapas más tardías de la infancia, los signos de TDAH se tornan más definidos desde el punto de vista cualitativo; los niños con el tipo hiperactivo-impulsivo o el tipo combinado suelen presentar movimiento continuo de los miembros inferiores, ausencia de persistencia motora (p. ej., movimiento sin objetivo y movimientos constantes de las manos), habla impulsiva y una aparente falta de conciencia de su entorno. Los niños con el tipo predominantemente de falta de atención pueden no tener signos físicos.\r\n\r\nLa evaluación médica se centra en identificar cuadros potencialmente tratables que pueden contribuir a los síntomas y signos o agravarlos. La evaluación debe incluir la búsqueda de antecedentes de exposición prenatal (p. ej., drogas, alcohol, tabaco), complicaciones o infecciones perinatales, infecciones del sistema nervioso central, lesión cerebral traumática, enfermedad cardíaca, trastornos respiratorios del sueño, falta de apetito y/o mala voluntad para comer y antecedentes familiares de TDAH.\r\n\r\nLa evaluación del desarrollo se centra en determinar el comienzo y la evolución de los signos y síntomas. La evaluación incluye la comprobación de los hitos del desarrollo, en particular los hitos del lenguaje y el uso de escalas de calificación de TDAH-específica (p. ej., la Vanderbilt Assessment Scale, la Conners Comprehensive Behavior Rating Scale, la ADHD Rating Scale-IV). Las versiones de estas escalas están disponibles tanto para las familias como para el personal de la escuela, lo que permite la evaluación a través de diferentes situaciones según los criterios del DSM-5. Tenga en cuenta que las escalas no deben usarse solas para hacer un diagnóstico.\r\n\r\nLa evaluación educativa se centra en documentar los signos y síntomas centrales; puede implicar la revisión de registros educacionales y el empleo de escalas de valoración o listas de verificación. Sin embargo, las escalas de valoración y las listas de verificación solas a menudo no permiten distinguir el TDAH de otros trastornos del desarrollo y conductuales.\r\n\r\nPronóstico del TDAH\r\nLas aulas y las actividades académicas tradicionales suelen exacerbar los signos y síntomas en los niños con TDAH no tratado o inadecuadamente tratado. Los problemas de adaptación social y emocional pueden ser persistentes. La escasa aceptación por los compañeros y la soledad tienden a aumentar con la edad y con la manifestación evidente de los síntomas. Puede ocurrir un abuso de sustancias si el TDAH no se identifica y se trata de forma adecuada, ya que muchos adolescentes y adultos con TDAH se automedican tanto con sustancias legales (p. ej., la cafeína) e ilegales (p. ej., la cocaína, anfetaminas).\r\n\r\nSi bien los signos y síntomas de hiperactividad tienden a disminuir con la edad, los adolescentes y adultos pueden presentar dificultades residuales. Los factores predictivos de mal pronóstico en la adolescencia y la adultez son los siguientes:\r\n\r\nEscasa inteligencia coexistente\r\nAgresividad\r\nProblemas sociales e interpersonales\r\nPsicopatología parental\r\nEn la adolescencia y la adultez, los problemas se manifiestan predominantemente por fracaso académico, escasa autoestima y dificultad para aprender una conducta social adecuada. Los adolescentes y adultos que presentan predominantemente TDAH impulsivo pueden tener mayor incidencia de trastornos de los rasgos de personalidad y conducta antisocial; muchos siguen mostrando impulsividad, inquietud y malas aptitudes sociales. Las personas con TDAH parecen ajustarse mejor al trabajo que a las situaciones académicas y domésticas, sobre todo si pueden encontrar trabajos cuya realización no requiera una atención intensa.\r\n\r\nTratamiento del TDAH\r\nTerapia conductista\r\nFarmacoterapia, en forma típica con estimulantes, como metilfenidato o dextroanfetamina (en preparados de corta duración y de larga duración)\r\nEstudios aleatorizados, controlados, muestran que la terapia conductual sola es menos eficaz que el tratamiento con fármacos estimulantes solo en los niños de edad escolar, pero se recomienda la terapia conductual o combinada en los niños más pequeños. Si bien la farmacoterapia no corrige las diferencias neurofisiológicas de base de los pacientes con TDAH, los fármacos son eficaces para aliviar los síntomas y permiten la participación en actividades antes inaccesibles por la escasa atención e impulsividad. Los fármacos suelen interrumpir el ciclo de conducta inapropiada, lo que potencia las intervenciones conductuales y académicas, la motivación y la autoestina.\r\n\r\nEl tratamiento de TDAH en adultos sigue principios similares, pero la selección y la dosificación de los fármacos son individualizadas según otros cuadros médicos.\r\n\r\nDrogas estimulantes\r\nLos preparados estimulantes que incluyen el metilfenidato o sales de anfetamina son los más utilizados. La respuesta es muy variable, y la dosificación depende de la gravedad de la conducta y la capacidad del niño para tolerar el fármaco. La dosificación se ajusta en frecuencia y cantidad hasta alcanzar la equilibrio óptimo entre la respuesta y los efectos adversos.\r\n\r\nPor lo general, el metilfenidato se inicia a razón de 0,3 mg/kg por vía oral 1 vez al día (forma de liberación inmediata) y se aumenta la frecuencia semanalmente, en general hasta alrededor de 2 a 3 veces al día o cada 4 horas durante las horas de vigilia; muchos médicos intentan usar una dosificación a la mañana y al mediodía. Si la respuesta es inadecuada pero el fármaco es tolerado, puede aumentarse la dosis. La mayoría de los niños llegan a un equilibrio óptimo entre beneficios y efectos adversos con dosis individuales de 0,3 a 0,6 mg/kg. El isómero dextro del metilfenidato es la fracción activa y está disponible para la prescripción de media dosis.\r\n\r\nLa dextroanfetamina suele iniciarse (a menudo en combinación con anfetamina racémica) en dosis de 0,15 a 0,2 mg/kg por vía oral 1 vez al día, que después es posible aumentar a 2 o 3 veces al día, o cada 4 horas durante las horas de vigilia. En general, son eficaces dosis individuales de 0,15 a 0,4 mg/kg. La titulación de la dosis debe equilibrar la eficacia con los efectos adversos; las dosis reales varían significativamente entre los individuos, pero, en general, las dosis más altas aumentan la probabilidad de efectos adversos inaceptables. Por lo general, las dosis de dextroanfetamina son alrededor de dos tercios de las de metilfenidato.\r\n\r\nUna vez que se alcanza una dosis óptima de metilfenidato o dextroanfetamina, suele sutituirse por una dosis equivalente del mismo fármaco en una forma de liberación sostenida para evitar la administración en la escuela. Los preparados de acción prolongada son comprimidos con matriz de cera de liberación lenta, cápsulas bifásicas que contienen el equivalente de 2 dosis y píldoras de liberación osmótica y parches transdérmicos que ofrecen 12 h de cobertura. Ya están disponibles preparaciones líquidas tanto de acción corta y de acción prolongada. Las preparaciones dextro puras (p. ej., dextrometilfenidato) se utilizan a menudo para reducir al mínimo los efectos adversos, tales como la ansiedad; las dosis son típicamente la mitad de las preparaciones mixtas. Las preparaciones de profármacos también se utilizan a veces debido a su liberación más suave, mayor duración de acción, menos efectos adversos, y menor potencial de abuso. A menudo, el aprendizaje mejora con dosis bajas, pero la mejoría de la conducta suele requerir dosis más altas.\r\n\r\nLos esquemas de dosificación de fármacos estimulantes pueden ajustarse para cubrir días y horarios específicos (p. ej., durante las horas de escuela, mientras se realiza la tarea para el hogar). Puede intentarse suprimir la medicación los fines de semanas, los feriados o durante las vacaciones de verano. Se recomiendan períodos de placebo (durante 5-10 días escolares para garantizar la fiabilidad de las observaciones) a fin de determinar si los fármacos todavía son necesarios.\r\n\r\nLos efectos adversos comunes de los fármacos estimulantes son\r\n\r\nAlteraciones del sueño (p. ej., insomnio)\r\nCefalea\r\nDolor de estómago\r\nSupresión del apetito\r\nTaquicardia e hiperpresión arterial\r\nLa depresión es un efecto adverso menos frecuente y a menudo puede representar una incapacidad para cambiar fácilmente el foco de concentración (enfoque excesivo). Esto puede manifestarse como una conducta \"apagada\" (a veces descrita por las familias como una especie de zombie) en lugar de una depresión infantil con manifestaciones clínicas habituales. De hecho, los fármacos estimulantes a veces se utilizan como tratamiento adyuvante para la depresión. Un comportamiento \"apagado\" a veces puede tratarse reduciendo la dosis del fármaco estimulante o con un fármaco diferente.\r\n\r\nLos estudios han demostrado que el crecimiento de la talla disminuye después de 2 años de uso de drogas estimulantes, y la desaceleración aparentemente persiste hasta la edad adulta con el uso continuo de drogas estimulantes en forma crónica.\r\n\r\nFármacos no estimulantes\r\nTambién se usa la atomoxetina, un inhibidor selectivo de la recaptación de la noradrenalina. El fármaco es eficaz, pero los datos respecto de su eficacia en comparación con los estimulantes son variables. Algunos niños tienen náuseas, sedación, irritabilidad y berrinches; rara vez, se observa hepatotoxicidad e ideación suicida. Una dosis inicial típica es de 0,5 mg/kg por vía oral 1 vez al día, titulada semanalmente a 1,2-1,4 mg/kg 1 vez al día. La semivida prolongada permite la dosificación 1 vez al día, pero requiere administración continua para ser eficaz. La dosificación diaria máxima recomendada es de 100 mg.\r\n\r\nAntidepresivos selectivos inhibidores de la recaptación de noradrenalina como bupropión y venlafaxina, alfa-2 agonistas como clonidina y guanfacina y otros fármacos psicoactivos en casos de ineficacia de los fármacos estimulantes o de efectos colaterales inaceptables, pero son menos eficaces y no son recomendados como de primera línea. A veces, estos fármacos se utilizan en combinación con estimulantes para lograr efectos sinérgicos; es esencial el control estricto para detectar efectos adversos.\r\n\r\nLas interacciones adversas con medicamentos son una preocupación durante el tratamiento del TDAH. Los fármacos que inhiben la enzima metabólica CYP2D6, incluidos ciertos inhibidores selectivos de la recaptación de serotonina (ISRS) que a veces se utilizan en pacientes con TDAH, pueden aumentar el efecto de los fármacos estimulantes. La revisión de las posibles interacciones farmacológicas (en general utilizando un programa computarizado) es una parte importante del tratamiento farmacológico de los pacientes con TDAH.\r\n\r\nIntervención conductual\r\nEl asesoramiento, incluida terapia cognitiva-conductista (p. ej., fijación de objetivos, autocontrol, adopción de modelos, juego de roles), suele ser eficaz y ayuda a los niños a comprender el TDAH y cómo adaptarse a él. Son esenciales la estructura y las rutinas.\r\n\r\nLa conducta en el aula suele mejorar con un control ambiental del ruido y la estimulación visual, la duración adecuada de las tareas, la novedad, la orientación y la proximidad del maestro.\r\n\r\nCuando persisten las dificultades en el hogar, debe recomendarse a los padres que busquen asistencia profesional adicional y capacitación en técnicas de intervención conductual. Agregar incentivos y recompensas simbólicas refuerza la intervención conductual y suele ser eficaz. Los niños con TDAH en quienes predominan la hiperactividad y el escaso control de los impulsos suelen mejorar en el hogar cuando se establecen estructuras, técnicas de crianza consistentes y límites bien definidos.\r\n\r\nLas dietas de eliminación, los tratamientos con megavitaminas, el uso de antioxidantes u otros compuestos y las intervenciones nutricionales y bioquímicas han tenido efectos menos uniformes. La biorretroalimentación puede ser útil en algunos casos, pero no se recomienda de manera sistemática, ya que no hay evidencia de beneficio sostenido.\r\n\r\nConceptos clave ',	75004),
(73,	20230750004,	'La esquizofrenia\r\n¿Qué es la esquizofrenia?\r\nLa esquizofrenia es una enfermedad mental grave que afecta la forma en que una persona piensa, siente y se comporta. Las personas con esquizofrenia pueden parecer como si hubieran perdido el contacto con la realidad, lo que puede ser angustioso para ellas, sus familiares y amigos. Los síntomas de la esquizofrenia pueden dificultar la participación en las actividades cotidianas o habituales, pero existen tratamientos eficaces. Muchas personas que reciben tratamiento pueden participar en la escuela o el trabajo, lograr su independencia y disfrutar de las relaciones personales.\r\n\r\n¿Cuáles son los síntomas de la esquizofrenia?\r\nEs importante reconocer los síntomas de la esquizofrenia y buscar ayuda lo antes posible. Por lo general, las personas con esquizofrenia son diagnosticadas entre los 16 y los 30 años, después de un primer episodio de psicosis. Comenzar el tratamiento lo antes posible después de este primer episodio es un paso importante hacia la recuperación. Sin embargo, hay investigaciones que muestran que los cambios graduales en el pensamiento, el estado de ánimo y el funcionamiento social a menudo aparecen antes del primer episodio de psicosis. La esquizofrenia no es frecuente en los niños pequeños.\r\n\r\nLos síntomas de la esquizofrenia pueden ser diferentes entre una persona y otra, pero generalmente se dividen en tres categorías principales: psicóticos, negativos y cognitivos.\r\n\r\nSíntomas psicóticos\r\nLos síntomas psicóticos incluyen cambios en la forma en que una persona piensa, actúa y percibe el mundo. Las personas con síntomas psicóticos pueden perder el sentido compartido de la realidad con los demás y ver el mundo de una manera distorsionada. Para algunas personas, estos síntomas aparecen y desaparecen. Para otras, los síntomas se estabilizan con el tiempo. Los síntomas psicóticos incluyen:\r\n\r\nAlucinaciones: cuando una persona ve, oye, huele, saborea o siente cosas que no son reales. Muchas personas que tienen este trastorno oyen voces. Las personas que oyen voces pueden haber estado escuchándolas durante mucho tiempo antes de que sus familiares y amigos se den cuenta de que tienen un problema.\r\nDelirios: cuando una persona tiene creencias fuertes que no son ciertas y pueden parecer irracionales a los demás. Por ejemplo, las personas que experimentan delirios pueden creer que aquellos que salen en la radio y la televisión están enviando mensajes especiales que requieren una determinada respuesta, o pueden creer que están en peligro o que otros están tratando de lastimarlos.\r\nTrastorno del pensamiento: cuando una persona tiene formas de pensar inusuales o ilógicas. Las personas con trastorno del pensamiento pueden tener problemas para organizar sus ideas y el habla. A veces, una persona deja de hablar en medio de un pensamiento, pasa de un tema a otro o inventa palabras sin sentido.\r\nTrastornos del movimiento: cuando una persona presenta movimientos corporales anormales. Las personas con estos trastornos pueden repetir ciertos movimientos una y otra vez.\r\nSíntomas negativos\r\nLos síntomas negativos incluyen la pérdida de motivación, de interés o del disfrute de las actividades diarias, así como alejamiento de la vida social, dificultad para mostrar emociones y problemas para funcionar normalmente. Entre los síntomas negativos se encuentran:\r\n\r\nTener problemas para planificar y ceñirse a las actividades, como ir de compras.\r\nTener dificultad para prever y sentir placer en la vida cotidiana.\r\nHablar con voz apagada y mostrar una expresión facial limitada.\r\nEvitar la interacción social o interactuar de manera socialmente incómoda.\r\nTener muy poca energía y dedicar mucho tiempo a actividades pasivas. En casos extremos, una persona puede dejar de moverse o hablar por un tiempo, lo que es una condición poco común llamada catatonia.\r\nA veces, estos síntomas se confunden con los de la depresión u otras enfermedades mentales.\r\n\r\nSíntomas cognitivos\r\nLos síntomas cognitivos incluyen problemas de atención, concentración y memoria. Estos síntomas pueden dificultar el seguimiento de una conversación, aprender cosas nuevas o recordar citas. El nivel de funcionamiento cognitivo de una persona es uno de los mejores predictores de su funcionamiento diario. El funcionamiento cognitivo se evalúa mediante pruebas específicas. Los síntomas cognitivos incluyen:\r\n\r\nproblemas para procesar la información para la toma de decisiones,\r\nproblemas para usar la información inmediatamente después de aprenderla,\r\ndificultad para concentrarse o prestar atención.\r\nRiesgo de violencia\r\nLa mayoría de las personas con esquizofrenia no son violentas. En general, estas personas tienen más probabilidad de que otros les hagan daño que las que no tienen la enfermedad. Para las personas con esquizofrenia, el riesgo de hacerse daño o de violencia hacia los demás es mayor cuando la enfermedad no se trata. Es importante ayudar a las personas que presentan síntomas para que reciban tratamiento lo antes posible.\r\n\r\nLa esquizofrenia frente al trastorno de identidad disociativo\r\nAunque, a primera vista, algunos de los signos pueden parecer similares, la esquizofrenia no es un trastorno de identidad disociativo (que antes se llamaba trastorno de personalidad múltiple o personalidad dividida). Las personas con trastorno de identidad disociativo tienen dos o más identidades distintas que están presentes y que se alternan para tomar el control de ellas.\r\n\r\n¿Qué causa la esquizofrenia?\r\nVarios factores pueden contribuir al riesgo de que una persona presente esquizofrenia, entre ellos:\r\n\r\nGenética. A veces, la esquizofrenia es hereditaria. Sin embargo, solo porque alguien en una familia tiene esquizofrenia, no significa que otros miembros de esta también la tendrán. Diversos estudios sugieren que hay muchos genes diferentes que pueden aumentar la probabilidad de que una persona desarrolle esquizofrenia, pero ningún gen por sí mismo causa el trastorno.\r\nAmbiente. Las investigaciones sugieren que una combinación de factores genéticos, aspectos del entorno y las experiencias de vida de una persona pueden desempeñar una función en el desarrollo de la esquizofrenia. Estos factores ambientales pueden incluir vivir en la pobreza, entornos estresantes o peligrosos y exposición a virus o problemas nutricionales antes del nacimiento.\r\nEstructura y función del cerebro. Hay investigaciones que muestran que es más probable que las personas con esquizofrenia tengan diferencias en el tamaño de ciertas áreas del cerebro y en las conexiones entre las áreas que lo conforman. Algunas de estas diferencias cerebrales pueden desarrollarse antes del nacimiento. Los investigadores están trabajando para comprender mejor cómo la estructura y función del cerebro pueden relacionarse con la esquizofrenia.\r\n¿Cómo se trata la esquizofrenia?\r\nLos tratamientos actuales para la esquizofrenia se centran en ayudar a las personas a controlar sus síntomas, mejorar su funcionamiento diario y lograr metas personales en la vida, como completar su educación, dedicarse a una carrera y tener relaciones satisfactorias.\r\n\r\nMedicamentos antipsicóticos\r\nLos medicamentos antipsicóticos pueden ayudar a que los síntomas psicóticos sean menos intensos y menos frecuentes. Por lo general, estos medicamentos se toman todos los días en forma de pastilla o líquido. Algunos medicamentos antipsicóticos se administran mediante inyecciones una o dos veces al mes.\r\n\r\nSi los síntomas de una persona no mejoran con los medicamentos antipsicóticos habituales, se le puede recetar clozapina. Las personas que toman clozapina deben someterse a análisis de sangre periódicos para detectar un efecto secundario potencialmente peligroso que ocurre en entre el 1% y el 2% de los pacientes.\r\n\r\nLas personas responden a los medicamentos antipsicóticos de diferentes formas. Es importante informar sobre cualquier efecto secundario a un proveedor de atención médica. Muchas personas que toman medicamentos antipsicóticos tienen efectos secundarios como aumento de peso, boca seca, inquietud y somnolencia cuando comienzan a tomar estos medicamentos. Algunos de estos efectos secundarios pueden desaparecer con el tiempo, mientras que otros permanecen.\r\n\r\nNo debe dejar de tomar un medicamento sin hablar primero con médico u otro proveedor de atención médica. Su proveedor de atención médica trabajará con usted para ajustar su plan de tratamiento de una manera segura y eficaz. Algunas personas pueden necesitar probar varios medicamentos antes de encontrar el que mejor les funcione, por lo que es importante continuar con el tratamiento y mantener la esperanza.\r\n\r\nPuede encontrar la información más reciente sobre advertencias, guías de medicamentos para pacientes o medicamentos aprobados recientemente en el sitio web en inglés de la Administración de Drogas y Alimentos de los Estados Unidos (FDA, por sus siglas en inglés).\r\n\r\nTratamientos psicosociales\r\nLos tratamientos psicosociales ayudan a las personas a encontrar soluciones a los retos cotidianos y a controlar los síntomas mientras asisten a la escuela, trabajan o establecen relaciones. A menudo, estos tratamientos se usan junto con medicamentos antipsicóticos. Las personas que reciben con regularidad tratamiento psicosocial tienen menos probabilidad de que los síntomas reaparezcan o de ser hospitalizadas.\r\n\r\nAlgunos ejemplos de este tipo de tratamiento incluyen terapia cognitivo-conductual, capacitación en habilidades conductuales, empleo con apoyo e intervenciones de rehabilitación cognitiva.\r\n\r\nPuede encontrar información en inglés sobre tratamientos psicosociales en la página web del Instituto Nacional de la Salud Mental (NIMH, por sus siglas en inglés) sobre las psicoterapias.\r\n\r\nEducación y apoyo familiar\r\nLos programas educativos pueden ayudar a familiares y amigos a conocer los síntomas de la esquizofrenia, las opciones de tratamiento y las estrategias para ayudar a los seres queridos con la enfermedad. Estos programas pueden ayudar a los amigos y familiares a controlar su angustia, mejorar sus propias habilidades de afrontamiento y fortalecer su capacidad para brindar apoyo.\r\n\r\nAtención especializada coordinada\r\nLos programas de atención especializada coordinada (también conocida como CSC, por sus siglas en inglés) son programas centrados en la recuperación de personas con un primer episodio de psicosis, una etapa temprana de la esquizofrenia. Los profesionales y los especialistas de la salud trabajan juntos como equipo para brindar esta atención coordinada, que incluye psicoterapia, medicamentos, gestión de casos, apoyo laboral y educativo, y educación y apoyo familiar. El equipo de tratamiento trabaja en colaboración con el paciente para tomar decisiones sobre el tratamiento, haciendo partícipes en la medida de lo posible a los miembros de la familia.\r\n\r\nEn comparación con la atención regular, la atención especializada coordinada es más eficaz para reducir los síntomas, mejorar la calidad de vida y aumentar el grado de participación en el trabajo o la escuela.\r\n\r\nTratamiento comunitario asertivo\r\nEl tratamiento comunitario asertivo está diseñado para ayudar a las personas con esquizofrenia que probablemente serán hospitalizadas en varias ocasiones o se quedarán sin hogar. Por lo general, este tipo de tratamiento lo ofrece un equipo de profesionales de la salud y especialistas que trabajan juntos para brindar atención a los pacientes en la comunidad.\r\n\r\nTratamiento para el consumo de drogas y alcoholismo \r\nCon frecuencia, las personas con esquizofrenia tienen problemas de drogas y alcohol. Un programa de tratamiento que incluya tanto el tratamiento para la esquizofrenia como para el consumo de drogas y alcohol es importante para la recuperación, ya que el consumo de sustancias puede interferir con el tratamiento de la esquizofrenia.\r\n\r\n¿Cómo puedo encontrar ayuda?\r\nSi no sabe dónde obtener ayuda, puede comenzar con su médico u otro proveedor de atención médica. Ellos pueden referirlo a un profesional apto de salud mental, como un psiquiatra o un psicólogo que tenga experiencia en el tratamiento de la esquizofrenia. Puede obtener más información sobre cómo obtener ayuda en la página web del NIMH para enfermedades mentales.\r\n\r\nLa Administración de Servicios de Abuso de Sustancias y Salud Mental (SAMHSA, por sus siglas en inglés) ofrece una herramienta en línea para encontrar tratamientos y programas para la salud mental cerca de donde usted vive. Puede encontrar información en inglés sobre lugares que ofrecen atención especializada coordinada usando el localizador de tratamientos de SAMHSA para enfermedades mentales graves en una etapa temprana.\r\n\r\nPara obtener consejos sobre cómo hablar con su médico sobre su salud mental y así aprovechar al máximo su visita, lea la hoja informativa del NIMH “Tome control de su salud mental: Consejos para hablar con su proveedor de atención médica”.\r\n\r\n¿Cómo puedo ayudar a un familiar o amigo familiar que tiene esquizofrenia?\r\nPuede ser difícil saber cómo se puede ayudar a alguien que está con psicosis. A continuación, le damos algunos consejos de lo que puede hacer:\r\n\r\nAyúdele a recibir tratamiento y anímelo a permanecer en tratamiento.\r\nRecuerde que sus creencias o alucinaciones le parecen muy reales.\r\nSea respetuoso, comprensivo y amable, pero sin tolerar comportamientos peligrosos o inapropiados.\r\nBusque grupos de apoyo y programas de educación familiar, como los que ofrece la Alianza Nacional de Enfermedades Mentales (en inglés).\r\nSi un ser querido está pensando en suicidarse o hacerse daño de alguna otra manera, ya sea a sí mismo o a otros, busque ayuda de inmediato.\r\n\r\nLlame al 911 o vaya a la sala de emergencias más cercana.\r\nLlame gratis a Lifeline, la Línea Nacional de Prevención del Suicidio al 1–888–628–9454.\r\nEnvíe un mensaje de texto en inglés a la Línea de Mensajes de Texto en Tiempos de Crisis (HELLO al 741741).\r\n¿Qué debo saber sobre los ensayos clínicos?\r\nLos ensayos clínicos son estudios de investigación que analizan nuevas formas de prevenir, detectar o tratar enfermedades y trastornos. Aunque las personas pueden beneficiarse de formar parte de un ensayo clínico, los participantes deben ser conscientes de que el objetivo principal de un ensayo clínico es obtener nuevos conocimientos científicos para que otros puedan recibir una mejor ayuda en el futuro.',	75003),
(74,	20230750005,	'¿Qué Es La Depresión?\r\nLa depresión clínica, es una enfermedad grave y común que nos afecta física y mentalmente en nuestro modo de sentir y de pensar. La depresión nos puede provocar deseos de alejarnos de nuestra familia, amigos, trabajo, y escuela. Puede además causarnos ansiedad, pérdida del sueño, del apetito, y falta de interés o placer en realizar diferentes actividades.\r\n\r\n“Juan y yo habíamos imaginado durante mucho tiempo planes maravillosos para visitar a nuestras familias y volver a ver a nuestros amigos. Sin embargo, en ese momento hacer un viaje, era la última cosa que yo quería hacer. ¡Me sentía tan cansada! Algunas mañanas ni siquiera podía levantarme de la cama”.\r\n\r\n“Me despertaba todas las noches antes del amanecer. Me preocupaba por mi bebé, por mi mamá, por mi trabajo. Luego, cuando logré conseguir uno, ni siquiera podía concentrarme en lo que estaba haciendo”.\r\n\r\n“Mi familia y mis amigos se dieron cuenta que \"yo ya no era el mismo\". No podía disfrutar de las cosas que me gustaban, como el baile, ver una película, e incluso hacer el amor. ¡No entendía qué me estaba pasando, y me preocupaba pensar que me sentiría así para siempre!”\r\n\r\n“Tenía problemas enormes para dormir, no hacía bien mi trabajo, le perdí el gusto a las comidas”.\r\n\r\n“Después de dar a luz a mi bebé, pensé que estaría feliz, pero me sentía cada vez peor. Estaba muy triste, me sentía culpable de no disfrutar de mi nuevo bebé”.\r\n\r\n¿Es esto lo que le está pasando a usted?\r\n\r\n¿Le está sucediendo a alguien que usted conoce?\r\n\r\n¿Sabía que todas estas personas podrían estar experimentando una depresión clínica?\r\n\r\nCasi todos nosotros hemos sentido alguna vez, una inmensa tristeza en nuestras vidas. Esto es normal. Pero si esta tristeza o actitud depresiva continúa por mas de dos semanas, se debe buscar ayuda. Sentir tristeza es normal, estar deprimido clínicamente no lo es.\r\n\r\nLa depresión clínica no es simplemente una angustia, es también una tristeza o melancolía permanente. Nos lleva a sentir inútiles, sin esperanza; a veces, es posible que nos querramos dar por vencidos. La depresión clínica causa pérdida del placer en la vida diaria, tensión en el trabajo y en las relaciones, agrava condiciones médicas e incluso puede llevarle al suicidio.\r\n\r\nCon ayuda esa nube oscura desaparecerá y volverá a ver el cielo azul. El sol puede y debe brillar de nuevo para usted.\r\n\r\nLa depresión es una enfermedad tratable. Con ayuda y apoyo se puede curar.\r\n\r\nLa depresión clínica puede ser tratada.\r\n\r\nPodemos volver a tomar el control de nuestras vidas. No necesitamos vivir sintiéndonos ansiosos, tristes e irritables. ¡Tampoco necesitamos pasar noches en vela!\r\n\r\nCualquier persona que experimente síntomas depresivos debe ser diagnosticada y tratada.\r\n\r\nExisten diferentes maneras de controlar las diferentes formas de depresión. La más común, pero la más severa es la depresión clínica. En este folleto nos dedicamos a explicarle sobre la depresión clínica.\r\n\r\nDiagnóstico\r\n\r\n¿A quién le puede afectar la depresión clínica?\r\n\r\nPuede afectar a cualquier persona, de cualquier nivel económico y en cualquier edad. ¡Las enfermedades mentales no discriminan! Afectan a ricos y pobres, blancos y negros, hispano/latinos y asiáticos, ancianos y niños.\r\n\r\nSin embargo, cuando los hispanos/latinos experimentamos problemas de salud mental, debemos afrontar además de nuestra enfermedad, numerosas barreras para recibir cuidados y tratamiento adecuados. Entre las barreras más comunes se encuentran las diferencias socio-económicas, la desigualdad en el acceso de cobertura en salud, la falta de sensibilidad sociocultural en la relación paciente — proveedor, y la falta de seguro de salud.\r\n\r\nPor eso es importante que estemos bien informados sobre nuestros derechos de ser respetados y atendidos con dignidad y libres de prejuicios o estigmas.\r\n\r\n¿Cuáles son los factores que contribuyen a la depresión clínica?\r\n\r\nLas razones para caer en un estado depresivo son muy variadas. Algunas personas caen en depresión clínica cuando experimentan un acontecimiento emotivo en sus vidas, por ejemplo, cuando perdemos el trabajo o terminamos una relación amorosa importante.\r\n\r\nA otras personas les puede afectar como resultado de una suma de factores y acontecimientos: Cuando migramos y dejamos atrás en nuestro país nuestra familia y amigos más queridos; cuando sentimos falta de habilidad para comunicarnos; cuando nos resulta difícil entender e integrarnos a una nueva cultura. Sin embargo, hay gente que puede llegar a sentirse deprimida sin ninguna advertencia previa.\r\n\r\nAlgunos factoresque pueden contribuir a la depresión clínica son entre otros:\r\n\r\n \r\n\r\nSexo, las mujeres sufren dos veces más de depresión que los hombres. Aunque las razones no son claras, existen diferencias genéticas y hormonales que pueden contribuir a la depresión.\r\nAntecedentes familiares, cuando algún miembro de su familia padece de depresión severa, hay el doble de posibilidades para adquirirla. Aunque puede ocurrir en personas que no tienen parientes con depresión.\r\nUso de ciertas medicinas, algunos medicamentos con o sin receta médica pueden causar depresión clínica. \r\nCambios o dificultades en la vida, tales como divorcio, jubilación, la muerte de un ser querido, pérdida del trabajo, cambio de país y estilo de vida, crecientes presiones en el trabajo o incremento en la pobreza.\r\nSentimientos de pérdida de control sobre nuestras vidas. Aquellas personas a menudo sienten que perdieron el control y pasan mucho tiempo lamentándose por ello, tienen mayor probabilidad de desarrollar una depresión mayor.\r\nPresencia de otras enfermedades tales como Alzheimer, cáncer, diabetes, afecciones al corazón, desórdenes hormonales, mal de Parkinson o trombosis. Así como también otros trastornos mentales como la ansiedad y trastornos de la alimentación.\r\nAbuso del alcohol o drogas, cuando se tiene problemas de consumo de alcohol y otras drogas se tiene mayor probabilidad de desarrollar una depresión mayor.\r\n \r\n\r\nSi sospecha que está sufriendo de depresión, complete el siguiente cuestionario. Este ejercicio le ayudará a identificarla. Para ello tenga en cuenta las siguientes pautas:\r\n\r\nPiense acerca de lo que está sintiendo. Defina cuál es el síntoma más cercano a lo que usted siente. Conteste honestamente a cada una de las preguntas. Marque sus respuestas en el cuadro al frente.\r\n\r\n¿Estoy triste o enfermo de depresión?\r\n¿Se siente triste, ansioso, o tiene un sentimiento de vacío permanente?\r\n¿Tiene sentimiento de culpa, no le encuentra sentido a su vida, o está desesperado?\r\n¿Tiene problemas para concentrarse, memorizar, o tomar decisiones?\r\n¿Se siente muy cansado, débil o sin energía?\r\n¿Tiene problemas para dormir, padece de insomnio o se da cuenta de que está durmiendo demasiado?\r\n¿Ha perdido el apetito y el interés en comer o por el contrario, encuentra que está comiendo todo el tiempo?\r\n¿Se siente irritado o desesperado?\r\n¿Tiene dolores y sufrimientos que no se alivian por más que lo ha intentado?\r\n¿Ha perdido interés en actividades que antes disfrutaba, incluyendo el sexo?\r\n¿Tiene sentimientos de culpa, desespero, abandono, pesimismo o desesperanza?\r\n¿Tiene pensamientos suicidas o de muerte? \r\nSíntomas\r\n\r\n¿Cuáles son los síntomas de la depresión clínica?\r\n\r\nExisten varios, sin embargo, no se presentan los síntomas de la misma manera en todas las personas. En algunas personas pueden aparecer sólo algunos, mientras que en otras pueden presentarse muchos de ellos.\r\n\r\nPida cita con su doctor de inmediato, si:\r\n\r\nHa tenido cinco o más de estos síntomas por más de dos semanas;\r\nLos síntomas están afectando su vida diaria;\r\nHa contemplado la posibilidad de suicidio.\r\nCuando vaya a ver a su médico, puede llevarle sus respuestas a este cuestionario. También puede pedir que le hagan una prueba sobre depresión. Estas pruebas están disponibles en todo el país, son gratis, rápidas y fáciles de hacer. Para hacerla no necesita dar su nombre, son confidenciales.\r\n\r\nNo se sienta avergonzado de buscar ayuda. Siempre es más saludable y recomendable hablar con alguien que tratar de buscar alivio en el alcohol o las drogas. Además esta práctica puede agravar más aún sus síntomas de depresión.\r\n\r\nEl tratamiento\r\n\r\n¿Cómo se trata la depresión?\r\n\r\nLas maneras más comunes de tratar la depresión clínica son suministrando medicamentos, psicoterapia, o una combinación de ambos. La elección del tratamiento depende de:\r\n\r\nla severidad de los síntomas,\r\nlos antecedentes de la enfermedad,\r\nla preferencia de la persona.\r\nLa depresión clínica es una de las enfermedades médicas más tratables. De cada 10 personas con depresión, más de ocho se sentirán mejor con ayuda profesional.\r\n\r\nMuchos hispano/latinos no buscamos ayuda para tratar la depresión. Creemos erróneamente que si lo hacemos podemos ser calificados como personas débiles o sin carácter. Otras veces, creemos que los síntomas de la depresión desaparecerán con el tiempo, por sí solos, \"si ponemos de nuestra parte\". Estas ideas son falsas. Cualquier persona que sufra de depresión, así como cualquier otra enfermedad grave, necesita ayuda profesional especializada. Los síntomas seguirán ahí, hasta tanto no se inicie el tratamiento; entre más pronto lo hagamos, más pronto nos empezaremos a sentir mejor.\r\n\r\nMedicamentos\r\n\r\nLos medicamentos comunes para el tratamiento de la depresión se llaman antidepresivos. Ellos restablecen el equilibrio químico normal de las partes del cerebro que tienen que ver con las emociones. Los antidepresivos no crean hábito, ni cambian nuestra personalidad. Ellos nos ayudan a tener un mejor estado de animo, así como a mejorar nuestros patrones de apetito y sueño.\r\n\r\nNormalmente los antidepresivos necesitan tiempo para que alcancen todo su potencial, es decir, no actúan sobre nuestro organismo de manera inmediata. Después de haber iniciado el tratamiento, comenzaremos a sentir mejor en 3 o 4 semanas. Algunas personas pueden tardar de 6 a 8 semanas antes de sentir su acción benéfica.\r\n\r\nPara recetarle el medicamento que más le convenga, su médico tendrá que observarlo y con su ayuda decidirá la cantidad que funciona mejor en su organismo. Por eso es importante que se comunique regularmente con él y que tome los medicamentos tal y como le indique. Progresivamente su doctor podrá sugerirle cambio en las dosis hasta lograr el tratamiento más adecuado para usted.\r\n\r\nAún cuando nos empecemos a sentir mejor, es muy importante que entendamos que debemos continuar tomando nuestros antidepresivos, por lo menos de 4 a 9 meses después de que los síntomas hayan mejorado.\r\n\r\nPsicoterapia\r\n\r\nPodemos elegir diferentes formas de psicoterapia, que incluye tratamiento individual, familiar o de grupo. Los psicólogos clínicos, psiquiatras, trabajadores sociales y consejeros están preparados para entender y ayudarle a manejar mejor sus problemas.\r\n\r\n“Para mí fue difícil tomar la decisión de ir a ver al Dr. García. Pero hablar con él me ayudó mucho. Escuchó mis problemas con mucha atención, nunca me hizo sentir avergonzado. Tampoco me criticó por sentirme como me sentía. Después de un tiempo, volví a tener optimismo acerca de mi futuro. Sin la terapia, no me imagino dónde estaría hoy.”\r\n\r\n“No quería ir a ver a un terapeuta, me sentía muy nerviosa. Además me parecía que no tenían derecho de enterarse de mis problemas. ¿Por qué hablar con un desconocido, si ni siquiera quería que se enterara mi mejor amiga? Sin embargo, con mi silencio las cosas no mejoraban. Por más que ponía todo mi empeño cada día me sentía más y más deprimida. Conseguí el nombre de una terapeuta en español y cerca de mi trabajo. Después de 3 meses de recibir ayuda de un consejero y tomar mis antidepresivos, empecé a ver luz al final del túnel. Todavía me siento muy orgullosa de mi misma, no sólo por haber superado mi desconfianza para pedir ayuda, sino por haber logrado dar el paso hacia mi mejoría”.\r\n\r\n“Despues de un mes de terapia y de tomar medicamentos, sentí esperanza de nuevo, me siento como antes. Mi familia está aliviada y contenta de verme así”.\r\n\r\nLos medicamentos y la terapia no funcionan para todos en la misma forma. Por esta razón, si no se siente mejor después de 6 u 8 semanas de haber empezado con su tratamiento, hable con su doctor. Quizá un cambio en la dosis de su medicamento o un cambio de terapeuta, puedan ayudarlo mejor.',	75008),
(75,	20230750006,	'¿Qué es la ansiedad?\r\nLa ansiedad es un sentimiento de miedo, temor e inquietud. Puede hacer que sude, se sienta inquieto y tenso, y tener palpitaciones. Puede ser una reacción normal al estrés. Por ejemplo, puede sentirse ansioso cuando se enfrenta a un problema difícil en el trabajo, antes de tomar un examen o antes de tomar una decisión importante. Si bien la ansiedad puede ayudar a enfrentar una situación, además de darle un impulso de energía o ayudarle a concentrarse, para las personas con trastornos de ansiedad el miedo no es temporal y puede ser abrumadora.\r\n\r\n¿Qué son los trastornos de ansiedad?\r\nLos trastornos de ansiedad son afecciones en las que la ansiedad no desaparece y puede empeorar con el tiempo. Los síntomas pueden interferir con las actividades diarias, como el desempeño en el trabajo, la escuela y las relaciones entre personas.\r\n\r\n¿Cuáles son los tipos de trastornos de ansiedad?\r\nExisten varios tipos de trastornos de ansiedad, incluyendo:\r\n\r\nTrastorno de ansiedad generalizada: Las personas con este trastorno se preocupan por problemas comunes como la salud, el dinero, el trabajo y la familia. Pero sus preocupaciones son excesivas y las tienen casi todos los días durante al menos 6 meses\r\nTrastorno de pánico: Las personas con trastorno de pánico sufren de ataques de pánico. Estos son repentinos y repetidos momentos de miedo intenso sin haber un peligro aparente. Los ataques se producen rápidamente y pueden durar varios minutos o más\r\nFobias: Las personas con fobias tienen un miedo intenso a algo que representa poco o ningún peligro real. Su miedo puede ser por arañas, volar, ir a lugares concurridos o estar en situaciones sociales (conocida como ansiedad social)\r\n¿Qué causa los trastornos de ansiedad?\r\nNo se conoce la causa de la ansiedad. Factores como la genética, la biología y química del cerebro, el estrés y su entorno pueden tener un rol.\r\n\r\n¿Quién está en riesgo de tener trastornos de ansiedad?\r\nLos factores de riesgo para los diferentes tipos de trastornos de ansiedad pueden variar. Por ejemplo, el trastorno de ansiedad generalizada y las fobias son más comunes en las mujeres, pero la ansiedad social afecta a hombres y mujeres por igual. Existen algunos factores de riesgo generales para todos los tipos de trastornos de ansiedad, incluyendo:\r\n\r\nCiertos rasgos de personalidad, como ser tímido o retraído cuando está en situaciones nuevas o conoce personas nuevas\r\nEventos traumáticos en la primera infancia o la edad adulta\r\nAntecedentes familiares de ansiedad u otros trastornos mentales\r\nAlgunas afecciones de salud física, como problemas de tiroides o arritmia\r\n¿Cuáles son los síntomas de los trastornos de ansiedad?\r\nLos diferentes tipos de trastornos de ansiedad pueden tener síntomas diferentes. Pero todos muestran una combinación de:\r\n\r\nPensamientos o creencias ansiosos difíciles de controlar: Le hacen sentir inquieto y tenso e interfieren con su vida diaria. No desaparecen y pueden empeorar con el tiempo\r\nSíntomas físicos, como latidos cardíacos fuertes o rápidos, dolores y molestias inexplicables, mareos y falta de aire\r\nCambios en el comportamiento, como evitar las actividades cotidianas que solía hacer\r\nEl uso de cafeína, otras sustancias y ciertos medicamentos pueden empeorar sus síntomas.\r\n\r\n¿Cómo se diagnostican los trastornos de ansiedad?\r\nPara diagnosticar los trastornos de ansiedad, su profesional de la salud le preguntará sobre sus síntomas e historial médico. También es posible que le hagan un examen físico y pruebas de laboratorio para verificar que otro problema de salud no sea la causa de sus síntomas.\r\n\r\nSi no tiene otro problema de salud, recibirá una evaluación psicológica. Su proveedor puede hacerlo, o puede ser derivado a un profesional de salud mental para ello.\r\n\r\n¿Cuáles son los tratamientos para los trastornos de ansiedad?\r\nLos principales tratamientos para los trastornos de ansiedad son psicoterapia (terapia de conversación), medicamentos o ambos:\r\n\r\nLa terapia cognitiva conductual es un tipo de psicoterapia que a menudo se usa para tratar los trastornos de ansiedad. Enseña diferentes formas de pensar y comportarse. Puede ayudarle a cambiar cómo reacciona ante las cosas que le causan miedo y ansiedad. Puede incluir terapia de exposición, la que se enfoca en confrontar sus miedos para que pueda hacer las cosas que ha estado evitando\r\nLos medicamentos para tratar los trastornos de ansiedad incluyen medicamentos contra la ansiedad y ciertos antidepresivos. Algunos tipos de medicamentos pueden funcionar mejor para tipos específicos de trastornos de ansiedad. Debe comunicarse bien con su profesional de la salud para identificar qué medicamento es mejor para usted. Es posible que deba probar más de un medicamento antes de encontrar el correcto\r\nNIH: Instituto Nacional de la Salud Mental',	75002),
(76,	20230750007,	'En algún momento de sus vidas, muchas personas pueden sufrir episodios cortos de soledad. Este tipo de sentimientos son generalmente cortos y no se consideran crónicos. Sin embargo, cuando los sentimientos de soledad y aislamiento empeoran y continúan a largo plazo, pueden presentarse síntomas y signos más graves para tener en cuenta, y pasos que puedes seguir para ayudarte a manejar la soledad crónica.\r\n\r\n¿Qué es la soledad crónica?\r\nLa soledad crónica ocurre cuando los sentimientos de soledad y de aislamiento social continúan durante un período prolongado. Se caracteriza por sentimientos constantes y continuos de sentirse solo, alejado o separado de los demás y la incapacidad de conectarse a un nivel más profundo. Además, puede estar acompañada de sentimientos profundos de inseguridad, baja autoestima o ansiedad social.1\r\n\r\nLa soledad continua puede afectar incluso a la persona más sociable. Ser \"el alma de la fiesta\" no te excluye de caer en soledad crónica. Este tipo de soledad crónica o a largo plazo puede afectar, con el tiempo, todas las áreas de tu vida.\r\n\r\n¿Cuáles son los principales signos y síntomas de la soledad crónica?\r\nLos signos y síntomas de la soledad crónica pueden variar según la persona y la situación. Si constantemente sientes algunos de estos síntomas o todos ellos, podrías estar experimentando soledad crónica:\r\n\r\nIncapacidad de conectarte con otros en un nivel más profundo e íntimo. Quizás tienes amigos y familiares, pero tu nivel de interacción con ellos es superficial. Tu interacción no se siente conectada de una manera que te brinde satisfacción y esta desconexión parece no terminar nunca.\r\nNo tienes amigos cercanos o \"mejores\" amigos. Tienes amigos, pero son eventuales o apenas conocidos y sientes que nadie \"te entiende\" realmente.\r\nUn enorme sentimiento de aislamiento estés donde estés y con quién estés. Estás en una fiesta con muchas personas, pero te sientes aislado, separado y desconectado. En el trabajo, puedes sentirte distanciado y solo. Lo mismo en el autobús, el tren o en una calle concurrida. Es como si estuvieras en tu propia burbuja inquebrantable.\r\nSentimientos negativos de duda y de autoestima. ¿Sientes que no eres lo suficientemente bueno? Estos sentimientos, a largo plazo, son posibles síntomas de la soledad crónica.\r\nCuando intentas conectarte o comunicarte, no es correspondido y no eres visto o escuchado.\r\nAgotamiento y fatiga cuando tratas de socializar. Si tienes soledad crónica, tratar de salir y socializar con otros puede provocarte agotamiento. Estos sentimientos continuos de agotamiento pueden conducirte a otros problemas, como insomnio, debilidad del sistema inmunológico, una dieta deficiente, entre otros.\r\n¿La soledad crónica puede llevar a problemas de salud?\r\nLos sentimientos de soledad prolongados pueden afectar tu salud de diversas formas. Por ejemplo, la soledad crónica puede aumentar los niveles de cortisol en el cuerpo. El cortisol es una hormona que crea el cuerpo cuando está bajo estrés. Con el tiempo, los altos niveles de cortisol pueden producir presión arterial alta, aumento de peso, debilidad muscular, problemas de concentración, entre otros.2\r\n\r\nSi no se controlan, estos síntomas de soledad pueden aumentar tu riesgo de problemas médicos y emocionales más graves, incluidos los siguientes:3\r\n\r\nDepresión\r\nAnsiedad\r\nDerrame cerebral\r\nEnfermedad cardíaca\r\nSi crees que estás sufriendo de soledad prolongada, consulta con tu médico o terapeuta.\r\n\r\n¿Cómo afecta la soledad crónica a tu cerebro?\r\nLas investigaciones demuestran que la soledad crónica puede tener un impacto significativo en tu salud, incluso en tu cerebro. Algunos estudios incluso sugieren que puede existir un vínculo entre la soledad y un mayor riesgo de desarrollar demencia y Alzheimer.3\r\n\r\nLos sentimientos prolongados de soledad y aislamiento social pueden, además, reducir las destrezas cognitivas, como la concentración, toma de decisiones, solución de problemas e incluso la capacidad de cambiar los pensamientos negativos. Y esto puede llevar a la depresión.4\r\n\r\n¿Quién es más propenso a sentir soledad crónica?\r\nLa soledad crónica o prolongada puede afectar a todas las personas. Es fácil suponer que alguien que es tímido o introvertido por naturaleza podría tener mayor riesgo, pero alguien sociable con personalidad tipo A también puede sentir soledad crónica, aunque parezca ser el alma de la fiesta. Este tipo de soledad no es exclusivo de ningún tipo de personalidad.\r\n\r\nPara algunas personas, la soledad crónica puede convertirse en un efecto secundario de un problema médico o emocional, incluso aquellos relacionados con lo siguiente:\r\n\r\nUso de sustancias\r\nDepresión y trastorno bipolar\r\nEnfermedad o condición grave\r\nFormas leves de autismo, como síndrome de Asperger\r\nDemencia y Alzheimer\r\nTemas relacionados con la orientación sexual\r\nTodos estos temas pueden llevar a sentimientos prolongados de soledad y aislamiento. Asegúrate de que tu médico, terapeuta u otro proveedor de salud sepa cómo te sientes emocionalmente.\r\n\r\n¿Cuáles son algunos consejos para manejar la soledad crónica?\r\nSi estás sufriendo sentimientos de soledad que no desaparecen, ten en cuenta estos consejos:\r\n\r\nHabla con tu médico, terapeuta u otro profesional del cuidado de la salud. La soledad crónica no se limita a los sentimientos de aislamiento social y distanciamiento de los demás. Con frecuencia, está vinculada con creencias continuas y profundas negativas sobre uno mismo que pueden causar otros problemas médicos o emocionales. Cuéntale a alguien lo que te ocurre.\r\nConéctate con otras personas de forma positiva y saludable. Aunque puede resultar difícil, haz el esfuerzo de conectar con los demás. Trabajar como voluntario, inscribirte en algún club, unirte a grupos de ejercicios y otras oportunidades pueden ayudar a levantar tu autoestima y a encontrar una forma segura y satisfactoria de conectarte con otros.\r\nHaz ejercicio y toma un poco de sol. Estar activo y a la luz del sol puede ayudarte a elevar las endorfinas y la serotonina.5 Estas \"hormonas del cerebro\" pueden mejorar el ánimo y calidad del sueño, así como ayudar a las personas a sentirse más felices.\r\nEncuentra un grupo de apoyo, especialmente si la soledad crónica es un efecto secundario de algún otro problema que podrías estar enfrentando, como el uso de sustancias, pérdida de un ser querido, soledad después de un divorcio o separación, una enfermedad de aislamiento o crónica, etc. Recibir apoyo de otras personas que pueden compartir sentimientos similares puede ayudar a aliviar los síntomas de la soledad crónica.\r\nSi estás sufriendo de soledad prolongada y parece que no desaparecerá, habla con tu médico u otro proveedor de cuidado de la salud para que pueda ayudarte. La soledad crónica no se trata únicamente de sentirse solo; si no se controla, puede ponerte en riesgo de problemas físicos y emocionales graves.',	75007),
(77,	20230750008,	'El trastorno por déficit de atención/hiperactividad (TDAH) es un síndrome de falta de atención, hiperactividad e impulsividad. Hay 3 tipos de TDAH según predomine la falta de atención, la hiperactividad/impulsividad o una combinación de ambas. El diagnóstico se realiza por criterios clínicos. Por lo general, el tratamiento incluye farmacoterapia con fármacos estimulantes, terapia conductista e intervenciones educacionales.\r\nEl trastorno por déficit de atención/hiperactividad (TDAH) se considera una enfermedad del neurodesarrollo. Los trastornos del neurodesarrollo son las condiciones neurológicas que aparecen en la primera infancia, por lo general antes de entrar a la escuela, y afectan el desarrollo del funcionamiento personal, social, académico y/o laboral. Por lo general implican dificultades con la adquisición, conservación o aplicación de habilidades o conjuntos de información específicos. Los trastornos del desarrollo neurológico pueden implicar disfunción en una o más de las siguientes áreas: la atención, la memoria, la percepción, el lenguaje, la resolución de problemas o la interacción social. Otros trastornos del neurodesarrollo comunes incluyen trastornos del espectro autista, trastornos del aprendizaje (p. ej., dislexia) y discapacidad intelectual.\r\n\r\nAlgunos expertos consideraban previamente al TDAH un trastorno del comportamiento, probablemente debido a os trastornos de la conducta comórbidos, en particular porque los trastornos de oposición desafiante y el trastorno de conducta, son comunes. Sin embargo, el TDAH tiene fundamentos neurológicos bien establecidos y no es simplemente \"mala conducta\".\r\n\r\nSe estima que afecta al 5-15% de los niños (1). Sin embargo, muchos expertos opinan que se sobrediagnostica TDAH, en gran medida por aplicación inexacta de los criterios. Según el Diagnostic and Statistical Manual of Mental Disorders, quinta edición (DSM-5), existen 3 tipos:\r\n\r\nCon predominio del déficit de atención\r\nCon predominio de hiperactividad/impulsividad\r\nCombinado\r\nEn general, el TDAH es 2 veces más común en los varones, aunque las proporciones varían según el tipo. El tipo con predominio de hiperactividad/impulsividad es de 2 a 9 veces más frecuente en los varones; el tipo con predominio de déficit de atención se observa con igual frecuencia en ambos sexos. El TDAH tiende a agruparse en familias.\r\n\r\nEl TDAH no tiene una causa única y específica conocida. Las posibles causas de TDAH son factores genéticos, bioquímicos, sensitivomotores, fisiológicos y conductuales. Algunos factores de riesgo son un peso al nacer < 1.500 g, traumatismo craneoencefálico, deficiencia de hierro, apnea obstructiva del sueño y exposición al plomo, así como exposición prenatal a alcohol, tabaco y cocaína. El TDAH también se asocia con experiencias infantiles adversas (2). Menos del 5% de los niños con TDAH tiene evidencias de daño neurológico. Cada vez más evidencia implica diferencias de los sistemas dopaminérgico y noradrenérgico, con menor actividad o estimulación de la parte superior del tronco encefálico y los haces fronto-mesencefálicos.\r\n\r\nReferencias generales\r\n1. Boznovik K, McLamb F, O\'Connell K, et al: U.S. national, regional, and state‑specific socioeconomic factors correlate with child and adolescent ADHD diagnoses. Sci Rep 11:22008, 2021. doi: 10.1038/s41598-021-01233-2\r\n2. Brown N, Brown S, Briggs R, et al: Associations between adverse childhood experiences and ADHD diagnosis and severity. Acad Pediatr 17(4):349–355, 2017. doi: 10.1016/j.acap.2016.08.013\r\nTDAH en adultos\r\nA pesar de que el TDAH se considera un trastorno de los niños y siempre se inicia durante la infancia, las diferencias neuropsicológicas subyacentes persisten hasta la edad adulta y los síntomas conductuales se siguen evidenciando en la adultez en aproximadamente la mitad de los casos. Aunque el diagnóstico de vez en cuando puede no ser reconocido hasta la adolescencia o la edad adulta, algunas manifestaciones deberían haber estado presentes antes de los 12 años.\r\n\r\nEn los adultos, los síntomas incluyen\r\n\r\nDificultades para concentrarse\r\nDificultad para completar tareas (compromisos en la función ejecutiva)\r\nCambios de humor\r\nImpaciencia\r\nDificultades para mantener las relaciones\r\nLa hiperactividad en adultos por lo general se manifiesta como inquietud e intranquilidad en lugar de la hiperactividad motora que se produce en los niños pequeños. Los adultos con TDAH tienden a tener un mayor riesgo para el desempleo, una reducción de los logros educativos, y aumento de las tasas de abuso de sustancias y la criminalidad. Los choques y las infracciones de vehículos motorizados son más comunes.\r\n\r\nEl TDAH puede ser más difícil de diagnosticar durante la edad adulta. Los síntomas pueden ser similares a los de los trastornos del estado de ánimo, los desórdenes de ansiedad, y los trastornos por uso de sustancias. Puesto que el autoinforme de síntomas infantiles puede ser poco fiables, los médicos pueden tener que revisar los registros escolares o de entrevistas familiares para confirmar la existencia de manifestaciones antes de los 12 años.\r\n\r\nLos adultos con TDAH pueden beneficiarse con los mismos tipos de fármacos estimulantes que los niños con el mismo trastorno. También pueden beneficiarse con el asesoramiento para mejorar el manejo del tiempo y otras habilidades de adaptación.\r\n\r\nSíntomas y signos del TDAH\r\nA menudo, comienza antes de los 4 años de edad y siempre antes de los 12 años. La edad pico para el diagnóstico es entre 8 y 10 años; sin embargo, a veces no se diagnostica hasta después de la adolescencia en pacientes que presentan el tipo con predominio de déficit de atención.\r\n\r\nLos signos y síntomas centrales de TDAH son\r\n\r\nFalta de atención\r\nImpulsividad\r\nHiperactividad\r\nLa falta de atención tiende a aparecer cuando el niño realiza tareas que requieren vigilancia, tiempo de reacción rápido, búsqueda visual y perceptiva y escucha sistemática y sostenida.\r\n\r\nLa impulsividad se refiere a las acciones precipitadas que pueden provocar un resultado negativo (p. ej., en los niños, cruzar una calle sin mirar, en adolescentes y adultos, de repente dejar la escuela o un trabajo sin pensar en las consecuencias).\r\n\r\nLa hiperactividad implica actividad motora excesiva. Los niños, especialmente los más jóvenes, pueden tener dificultades para permanecer sentados en silencio cuando deben hacerlo (p. ej., en la escuela o en la iglesia). Los pacientes mayores pueden ser simplemente nerviosos, inquietos o habladores-a veces hasta el punto de que otras personas se sientan cansadas observándolos.\r\n\r\nLa falta de atención y la impulsividad impiden el desarrollo de habilidades académicas y de estrategias de pensamiento y razonamiento, la motivación para ir a la escuela y la adaptación a las demandas sociales. Los niños que presentan TDAH con predominio de déficit de atención tienen a aprender con la práctica y tienen dificultad en situaciones de aprendizaje pasivo que requieren rendimiento continuo y finalización de tareas.\r\n\r\nEn términos generales, alrededor del 20 al 60% de los niños con TDAH tiene trastornos de aprendizaje, pero se observa cierta disfunción escolar en la mayoría de los niños con este cuadro debido a falta de atención (que conduce a que pasen inadvertidos los detalles) e impulsividad (que determina que los niños respondan sin pensar acerca de las preguntas).\r\n\r\nLos antecedentes conductuales pueden revelar escasa tolerancia a la frustración, oposición, berrinches, agresión, malas aptitudes sociales y relaciones con compañeros, alteraciones del sueño, ansiedad, disforia, depresión y fluctuaciones anímicas.\r\n\r\nSi bien no hay ningún hallazgo específico en la exploración física ni en las pruebas de laboratorio asociado con TDAH, los signos pueden incluir\r\n\r\nIncoordinación motora o torpeza\r\nSignos neurológicos \"blandos\", no localizados\r\nDisfunciones perceptivo-motoras\r\nDiagnóstico del TDAH\r\nCriterios clínicos basados en el DSM-5\r\nEl diagnóstico de TDAH es clínico y se basa en una evaluación exhaustiva de los aspectos médicos, del desarrollo, educativos y psicológicos (véase también the American Academy of Pediatrics\' 2019 clinical practice guideline for the diagnosis, evaluation, and treatment of attention-deficit/hyperactivity disorder in children and adolescents de la american academy of pediatrics).\r\n\r\nCriterios diagnósticos del TDAH según el DSM-5\r\nLos criterios diagnósticos del DSM-5 incluyen 9 signos y síntomas de falta de atención y 9 de hiperactividad e impulsividad. El diagnóstico con estos criterios requiere ≥ 6 síntomas y signos de un grupo o de otro. Además, los síntomas necesitan\r\n\r\nEstar presentes a menudo por ≥ 6 meses\r\nSer más pronunciados que los previstos para el nivel de desarrollo del niño\r\nOcurre en al menos 2 situaciones (p. ej., el hogar y la escuela)\r\nEstar presentes antes de los 12 años (por lo menos algunos de los síntomas)\r\nInterferir con el funcionamiento en el hogar, la escuela o el trabajo\r\nSíntomas de falta de atención:\r\n\r\nNo presta atención a los detalles o comete errores por descuido en las tareas escolares o en otras actividades\r\nTiene dificultad para mantener la atención en las tareas escolares o durante el juego\r\nNo parece escuchar cuando se le habla en forma directa\r\nNo sigue las instrucciones ni finaliza las tareas\r\nTiene dificultad para organizar tareas y actividades\r\nEvita, no le gusta o rehúsa intervenir en tareas que requieren un esfuerzo mental sostenido durante un período prolongado\r\nA menudo extravía objetos necesarios para tareas o actividades de la escuela\r\nSe distrae fácilmente\r\nEs olvidadizo en las actividades diarias\r\nSíntomas de hiperactividad e impulsividad:\r\n\r\nMueve continuamente las manos o los pies, o se retuerce\r\nAbandona a menudo su asiento en la clase o en otros lugares\r\nA menudo corre o trepa en exceso en sitios donde estas actividades resultan inapropiadas\r\nTiene dificultad para jugar tranquilamente\r\nSiempre está haciendo algo o actúa como si tuviera un motor\r\nHabla en exceso\r\nResponde antes de que se completen las preguntas\r\nTiene dificultad para aguardar su turno\r\nInterrumpe a los demás o se entromete en sus actividades\r\nEl diagnóstico del tipo con predominio de déficit de atención exige ≥ 6 signos y síntomas de falta de atención. El diagnóstico del tipo hiperactivo-impulsivo exige ≥ 6 signos y síntomas de hiperactividad e impulsividad. El diagnóstico del tipo combinado exige ≥ 6 signos y síntomas cada uno de falta de atención e hiperactividad-impulsividad.\r\n\r\nOtras consideraciones diagnósticas\r\nLa diferenciación entre TDAH y otros cuadros puede ser difícil. Debe evitarse el sobrediagnóstico, y es preciso identificar con exactitud otros trastornos. Muchos signos de TDAH expresados durante los años preescolares también podrían indicar problemas de comunicación que pueden aparecer en otros trastornos del desarrollo (p. ej., trastornos del espectro autista) o en ciertos trastornos de aprendizaje, ansiedad, depresión o conductuales (p. ej., trastorno de conducta).\r\n\r\nLos médicos deben considerar si el niño es distraído por factores externos (es decir, factores ambientales) o internos (es decir, pensamientos, ansiedades, preocupaciones). Sin embargo, durante etapas más tardías de la infancia, los signos de TDAH se tornan más definidos desde el punto de vista cualitativo; los niños con el tipo hiperactivo-impulsivo o el tipo combinado suelen presentar movimiento continuo de los miembros inferiores, ausencia de persistencia motora (p. ej., movimiento sin objetivo y movimientos constantes de las manos), habla impulsiva y una aparente falta de conciencia de su entorno. Los niños con el tipo predominantemente de falta de atención pueden no tener signos físicos.\r\n\r\nLa evaluación médica se centra en identificar cuadros potencialmente tratables que pueden contribuir a los síntomas y signos o agravarlos. La evaluación debe incluir la búsqueda de antecedentes de exposición prenatal (p. ej., drogas, alcohol, tabaco), complicaciones o infecciones perinatales, infecciones del sistema nervioso central, lesión cerebral traumática, enfermedad cardíaca, trastornos respiratorios del sueño, falta de apetito y/o mala voluntad para comer y antecedentes familiares de TDAH.\r\n\r\nLa evaluación del desarrollo se centra en determinar el comienzo y la evolución de los signos y síntomas. La evaluación incluye la comprobación de los hitos del desarrollo, en particular los hitos del lenguaje y el uso de escalas de calificación de TDAH-específica (p. ej., la Vanderbilt Assessment Scale, la Conners Comprehensive Behavior Rating Scale, la ADHD Rating Scale-IV). Las versiones de estas escalas están disponibles tanto para las familias como para el personal de la escuela, lo que permite la evaluación a través de diferentes situaciones según los criterios del DSM-5. Tenga en cuenta que las escalas no deben usarse solas para hacer un diagnóstico.\r\n\r\nLa evaluación educativa se centra en documentar los signos y síntomas centrales; puede implicar la revisión de registros educacionales y el empleo de escalas de valoración o listas de verificación. Sin embargo, las escalas de valoración y las listas de verificación solas a menudo no permiten distinguir el TDAH de otros trastornos del desarrollo y conductuales.\r\n\r\nPronóstico del TDAH\r\nLas aulas y las actividades académicas tradicionales suelen exacerbar los signos y síntomas en los niños con TDAH no tratado o inadecuadamente tratado. Los problemas de adaptación social y emocional pueden ser persistentes. La escasa aceptación por los compañeros y la soledad tienden a aumentar con la edad y con la manifestación evidente de los síntomas. Puede ocurrir un abuso de sustancias si el TDAH no se identifica y se trata de forma adecuada, ya que muchos adolescentes y adultos con TDAH se automedican tanto con sustancias legales (p. ej., la cafeína) e ilegales (p. ej., la cocaína, anfetaminas).\r\n\r\nSi bien los signos y síntomas de hiperactividad tienden a disminuir con la edad, los adolescentes y adultos pueden presentar dificultades residuales. Los factores predictivos de mal pronóstico en la adolescencia y la adultez son los siguientes:\r\n\r\nEscasa inteligencia coexistente\r\nAgresividad\r\nProblemas sociales e interpersonales\r\nPsicopatología parental\r\nEn la adolescencia y la adultez, los problemas se manifiestan predominantemente por fracaso académico, escasa autoestima y dificultad para aprender una conducta social adecuada. Los adolescentes y adultos que presentan predominantemente TDAH impulsivo pueden tener mayor incidencia de trastornos de los rasgos de personalidad y conducta antisocial; muchos siguen mostrando impulsividad, inquietud y malas aptitudes sociales. Las personas con TDAH parecen ajustarse mejor al trabajo que a las situaciones académicas y domésticas, sobre todo si pueden encontrar trabajos cuya realización no requiera una atención intensa.\r\n\r\nTratamiento del TDAH\r\nTerapia conductista\r\nFarmacoterapia, en forma típica con estimulantes, como metilfenidato o dextroanfetamina (en preparados de corta duración y de larga duración)\r\nEstudios aleatorizados, controlados, muestran que la terapia conductual sola es menos eficaz que el tratamiento con fármacos estimulantes solo en los niños de edad escolar, pero se recomienda la terapia conductual o combinada en los niños más pequeños. Si bien la farmacoterapia no corrige las diferencias neurofisiológicas de base de los pacientes con TDAH, los fármacos son eficaces para aliviar los síntomas y permiten la participación en actividades antes inaccesibles por la escasa atención e impulsividad. Los fármacos suelen interrumpir el ciclo de conducta inapropiada, lo que potencia las intervenciones conductuales y académicas, la motivación y la autoestina.\r\n\r\nEl tratamiento de TDAH en adultos sigue principios similares, pero la selección y la dosificación de los fármacos son individualizadas según otros cuadros médicos.\r\n\r\nDrogas estimulantes\r\nLos preparados estimulantes que incluyen el metilfenidato o sales de anfetamina son los más utilizados. La respuesta es muy variable, y la dosificación depende de la gravedad de la conducta y la capacidad del niño para tolerar el fármaco. La dosificación se ajusta en frecuencia y cantidad hasta alcanzar la equilibrio óptimo entre la respuesta y los efectos adversos.\r\n\r\nPor lo general, el metilfenidato se inicia a razón de 0,3 mg/kg por vía oral 1 vez al día (forma de liberación inmediata) y se aumenta la frecuencia semanalmente, en general hasta alrededor de 2 a 3 veces al día o cada 4 horas durante las horas de vigilia; muchos médicos intentan usar una dosificación a la mañana y al mediodía. Si la respuesta es inadecuada pero el fármaco es tolerado, puede aumentarse la dosis. La mayoría de los niños llegan a un equilibrio óptimo entre beneficios y efectos adversos con dosis individuales de 0,3 a 0,6 mg/kg. El isómero dextro del metilfenidato es la fracción activa y está disponible para la prescripción de media dosis.\r\n\r\nLa dextroanfetamina suele iniciarse (a menudo en combinación con anfetamina racémica) en dosis de 0,15 a 0,2 mg/kg por vía oral 1 vez al día, que después es posible aumentar a 2 o 3 veces al día, o cada 4 horas durante las horas de vigilia. En general, son eficaces dosis individuales de 0,15 a 0,4 mg/kg. La titulación de la dosis debe equilibrar la eficacia con los efectos adversos; las dosis reales varían significativamente entre los individuos, pero, en general, las dosis más altas aumentan la probabilidad de efectos adversos inaceptables. Por lo general, las dosis de dextroanfetamina son alrededor de dos tercios de las de metilfenidato.\r\n\r\nUna vez que se alcanza una dosis óptima de metilfenidato o dextroanfetamina, suele sutituirse por una dosis equivalente del mismo fármaco en una forma de liberación sostenida para evitar la administración en la escuela. Los preparados de acción prolongada son comprimidos con matriz de cera de liberación lenta, cápsulas bifásicas que contienen el equivalente de 2 dosis y píldoras de liberación osmótica y parches transdérmicos que ofrecen 12 h de cobertura. Ya están disponibles preparaciones líquidas tanto de acción corta y de acción prolongada. Las preparaciones dextro puras (p. ej., dextrometilfenidato) se utilizan a menudo para reducir al mínimo los efectos adversos, tales como la ansiedad; las dosis son típicamente la mitad de las preparaciones mixtas. Las preparaciones de profármacos también se utilizan a veces debido a su liberación más suave, mayor duración de acción, menos efectos adversos, y menor potencial de abuso. A menudo, el aprendizaje mejora con dosis bajas, pero la mejoría de la conducta suele requerir dosis más altas.\r\n\r\nLos esquemas de dosificación de fármacos estimulantes pueden ajustarse para cubrir días y horarios específicos (p. ej., durante las horas de escuela, mientras se realiza la tarea para el hogar). Puede intentarse suprimir la medicación los fines de semanas, los feriados o durante las vacaciones de verano. Se recomiendan períodos de placebo (durante 5-10 días escolares para garantizar la fiabilidad de las observaciones) a fin de determinar si los fármacos todavía son necesarios.\r\n\r\nLos efectos adversos comunes de los fármacos estimulantes son\r\n\r\nAlteraciones del sueño (p. ej., insomnio)\r\nCefalea\r\nDolor de estómago\r\nSupresión del apetito\r\nTaquicardia e hiperpresión arterial\r\nLa depresión es un efecto adverso menos frecuente y a menudo puede representar una incapacidad para cambiar fácilmente el foco de concentración (enfoque excesivo). Esto puede manifestarse como una conducta \"apagada\" (a veces descrita por las familias como una especie de zombie) en lugar de una depresión infantil con manifestaciones clínicas habituales. De hecho, los fármacos estimulantes a veces se utilizan como tratamiento adyuvante para la depresión. Un comportamiento \"apagado\" a veces puede tratarse reduciendo la dosis del fármaco estimulante o con un fármaco diferente.\r\n\r\nLos estudios han demostrado que el crecimiento de la talla disminuye después de 2 años de uso de drogas estimulantes, y la desaceleración aparentemente persiste hasta la edad adulta con el uso continuo de drogas estimulantes en forma crónica.\r\n\r\nFármacos no estimulantes\r\nTambién se usa la atomoxetina, un inhibidor selectivo de la recaptación de la noradrenalina. El fármaco es eficaz, pero los datos respecto de su eficacia en comparación con los estimulantes son variables. Algunos niños tienen náuseas, sedación, irritabilidad y berrinches; rara vez, se observa hepatotoxicidad e ideación suicida. Una dosis inicial típica es de 0,5 mg/kg por vía oral 1 vez al día, titulada semanalmente a 1,2-1,4 mg/kg 1 vez al día. La semivida prolongada permite la dosificación 1 vez al día, pero requiere administración continua para ser eficaz. La dosificación diaria máxima recomendada es de 100 mg.\r\n\r\nAntidepresivos selectivos inhibidores de la recaptación de noradrenalina como bupropión y venlafaxina, alfa-2 agonistas como clonidina y guanfacina y otros fármacos psicoactivos en casos de ineficacia de los fármacos estimulantes o de efectos colaterales inaceptables, pero son menos eficaces y no son recomendados como de primera línea. A veces, estos fármacos se utilizan en combinación con estimulantes para lograr efectos sinérgicos; es esencial el control estricto para detectar efectos adversos.\r\n\r\nLas interacciones adversas con medicamentos son una preocupación durante el tratamiento del TDAH. Los fármacos que inhiben la enzima metabólica CYP2D6, incluidos ciertos inhibidores selectivos de la recaptación de serotonina (ISRS) que a veces se utilizan en pacientes con TDAH, pueden aumentar el efecto de los fármacos estimulantes. La revisión de las posibles interacciones farmacológicas (en general utilizando un programa computarizado) es una parte importante del tratamiento farmacológico de los pacientes con TDAH.\r\n\r\nIntervención conductual\r\nEl asesoramiento, incluida terapia cognitiva-conductista (p. ej., fijación de objetivos, autocontrol, adopción de modelos, juego de roles), suele ser eficaz y ayuda a los niños a comprender el TDAH y cómo adaptarse a él. Son esenciales la estructura y las rutinas.\r\n\r\nLa conducta en el aula suele mejorar con un control ambiental del ruido y la estimulación visual, la duración adecuada de las tareas, la novedad, la orientación y la proximidad del maestro.\r\n\r\nCuando persisten las dificultades en el hogar, debe recomendarse a los padres que busquen asistencia profesional adicional y capacitación en técnicas de intervención conductual. Agregar incentivos y recompensas simbólicas refuerza la intervención conductual y suele ser eficaz. Los niños con TDAH en quienes predominan la hiperactividad y el escaso control de los impulsos suelen mejorar en el hogar cuando se establecen estructuras, técnicas de crianza consistentes y límites bien definidos.\r\n\r\nLas dietas de eliminación, los tratamientos con megavitaminas, el uso de antioxidantes u otros compuestos y las intervenciones nutricionales y bioquímicas han tenido efectos menos uniformes. La biorretroalimentación puede ser útil en algunos casos, pero no se recomienda de manera sistemática, ya que no hay evidencia de beneficio sostenido.\r\n\r\nConceptos clave ',	75000),
(78,	20230750009,	'La esquizofrenia\r\n¿Qué es la esquizofrenia?\r\nLa esquizofrenia es una enfermedad mental grave que afecta la forma en que una persona piensa, siente y se comporta. Las personas con esquizofrenia pueden parecer como si hubieran perdido el contacto con la realidad, lo que puede ser angustioso para ellas, sus familiares y amigos. Los síntomas de la esquizofrenia pueden dificultar la participación en las actividades cotidianas o habituales, pero existen tratamientos eficaces. Muchas personas que reciben tratamiento pueden participar en la escuela o el trabajo, lograr su independencia y disfrutar de las relaciones personales.\r\n\r\n¿Cuáles son los síntomas de la esquizofrenia?\r\nEs importante reconocer los síntomas de la esquizofrenia y buscar ayuda lo antes posible. Por lo general, las personas con esquizofrenia son diagnosticadas entre los 16 y los 30 años, después de un primer episodio de psicosis. Comenzar el tratamiento lo antes posible después de este primer episodio es un paso importante hacia la recuperación. Sin embargo, hay investigaciones que muestran que los cambios graduales en el pensamiento, el estado de ánimo y el funcionamiento social a menudo aparecen antes del primer episodio de psicosis. La esquizofrenia no es frecuente en los niños pequeños.\r\n\r\nLos síntomas de la esquizofrenia pueden ser diferentes entre una persona y otra, pero generalmente se dividen en tres categorías principales: psicóticos, negativos y cognitivos.\r\n\r\nSíntomas psicóticos\r\nLos síntomas psicóticos incluyen cambios en la forma en que una persona piensa, actúa y percibe el mundo. Las personas con síntomas psicóticos pueden perder el sentido compartido de la realidad con los demás y ver el mundo de una manera distorsionada. Para algunas personas, estos síntomas aparecen y desaparecen. Para otras, los síntomas se estabilizan con el tiempo. Los síntomas psicóticos incluyen:\r\n\r\nAlucinaciones: cuando una persona ve, oye, huele, saborea o siente cosas que no son reales. Muchas personas que tienen este trastorno oyen voces. Las personas que oyen voces pueden haber estado escuchándolas durante mucho tiempo antes de que sus familiares y amigos se den cuenta de que tienen un problema.\r\nDelirios: cuando una persona tiene creencias fuertes que no son ciertas y pueden parecer irracionales a los demás. Por ejemplo, las personas que experimentan delirios pueden creer que aquellos que salen en la radio y la televisión están enviando mensajes especiales que requieren una determinada respuesta, o pueden creer que están en peligro o que otros están tratando de lastimarlos.\r\nTrastorno del pensamiento: cuando una persona tiene formas de pensar inusuales o ilógicas. Las personas con trastorno del pensamiento pueden tener problemas para organizar sus ideas y el habla. A veces, una persona deja de hablar en medio de un pensamiento, pasa de un tema a otro o inventa palabras sin sentido.\r\nTrastornos del movimiento: cuando una persona presenta movimientos corporales anormales. Las personas con estos trastornos pueden repetir ciertos movimientos una y otra vez.\r\nSíntomas negativos\r\nLos síntomas negativos incluyen la pérdida de motivación, de interés o del disfrute de las actividades diarias, así como alejamiento de la vida social, dificultad para mostrar emociones y problemas para funcionar normalmente. Entre los síntomas negativos se encuentran:\r\n\r\nTener problemas para planificar y ceñirse a las actividades, como ir de compras.\r\nTener dificultad para prever y sentir placer en la vida cotidiana.\r\nHablar con voz apagada y mostrar una expresión facial limitada.\r\nEvitar la interacción social o interactuar de manera socialmente incómoda.\r\nTener muy poca energía y dedicar mucho tiempo a actividades pasivas. En casos extremos, una persona puede dejar de moverse o hablar por un tiempo, lo que es una condición poco común llamada catatonia.\r\nA veces, estos síntomas se confunden con los de la depresión u otras enfermedades mentales.\r\n\r\nSíntomas cognitivos\r\nLos síntomas cognitivos incluyen problemas de atención, concentración y memoria. Estos síntomas pueden dificultar el seguimiento de una conversación, aprender cosas nuevas o recordar citas. El nivel de funcionamiento cognitivo de una persona es uno de los mejores predictores de su funcionamiento diario. El funcionamiento cognitivo se evalúa mediante pruebas específicas. Los síntomas cognitivos incluyen:\r\n\r\nproblemas para procesar la información para la toma de decisiones,\r\nproblemas para usar la información inmediatamente después de aprenderla,\r\ndificultad para concentrarse o prestar atención.\r\nRiesgo de violencia\r\nLa mayoría de las personas con esquizofrenia no son violentas. En general, estas personas tienen más probabilidad de que otros les hagan daño que las que no tienen la enfermedad. Para las personas con esquizofrenia, el riesgo de hacerse daño o de violencia hacia los demás es mayor cuando la enfermedad no se trata. Es importante ayudar a las personas que presentan síntomas para que reciban tratamiento lo antes posible.\r\n\r\nLa esquizofrenia frente al trastorno de identidad disociativo\r\nAunque, a primera vista, algunos de los signos pueden parecer similares, la esquizofrenia no es un trastorno de identidad disociativo (que antes se llamaba trastorno de personalidad múltiple o personalidad dividida). Las personas con trastorno de identidad disociativo tienen dos o más identidades distintas que están presentes y que se alternan para tomar el control de ellas.\r\n\r\n¿Qué causa la esquizofrenia?\r\nVarios factores pueden contribuir al riesgo de que una persona presente esquizofrenia, entre ellos:\r\n\r\nGenética. A veces, la esquizofrenia es hereditaria. Sin embargo, solo porque alguien en una familia tiene esquizofrenia, no significa que otros miembros de esta también la tendrán. Diversos estudios sugieren que hay muchos genes diferentes que pueden aumentar la probabilidad de que una persona desarrolle esquizofrenia, pero ningún gen por sí mismo causa el trastorno.\r\nAmbiente. Las investigaciones sugieren que una combinación de factores genéticos, aspectos del entorno y las experiencias de vida de una persona pueden desempeñar una función en el desarrollo de la esquizofrenia. Estos factores ambientales pueden incluir vivir en la pobreza, entornos estresantes o peligrosos y exposición a virus o problemas nutricionales antes del nacimiento.\r\nEstructura y función del cerebro. Hay investigaciones que muestran que es más probable que las personas con esquizofrenia tengan diferencias en el tamaño de ciertas áreas del cerebro y en las conexiones entre las áreas que lo conforman. Algunas de estas diferencias cerebrales pueden desarrollarse antes del nacimiento. Los investigadores están trabajando para comprender mejor cómo la estructura y función del cerebro pueden relacionarse con la esquizofrenia.\r\n¿Cómo se trata la esquizofrenia?\r\nLos tratamientos actuales para la esquizofrenia se centran en ayudar a las personas a controlar sus síntomas, mejorar su funcionamiento diario y lograr metas personales en la vida, como completar su educación, dedicarse a una carrera y tener relaciones satisfactorias.\r\n\r\nMedicamentos antipsicóticos\r\nLos medicamentos antipsicóticos pueden ayudar a que los síntomas psicóticos sean menos intensos y menos frecuentes. Por lo general, estos medicamentos se toman todos los días en forma de pastilla o líquido. Algunos medicamentos antipsicóticos se administran mediante inyecciones una o dos veces al mes.\r\n\r\nSi los síntomas de una persona no mejoran con los medicamentos antipsicóticos habituales, se le puede recetar clozapina. Las personas que toman clozapina deben someterse a análisis de sangre periódicos para detectar un efecto secundario potencialmente peligroso que ocurre en entre el 1% y el 2% de los pacientes.\r\n\r\nLas personas responden a los medicamentos antipsicóticos de diferentes formas. Es importante informar sobre cualquier efecto secundario a un proveedor de atención médica. Muchas personas que toman medicamentos antipsicóticos tienen efectos secundarios como aumento de peso, boca seca, inquietud y somnolencia cuando comienzan a tomar estos medicamentos. Algunos de estos efectos secundarios pueden desaparecer con el tiempo, mientras que otros permanecen.\r\n\r\nNo debe dejar de tomar un medicamento sin hablar primero con médico u otro proveedor de atención médica. Su proveedor de atención médica trabajará con usted para ajustar su plan de tratamiento de una manera segura y eficaz. Algunas personas pueden necesitar probar varios medicamentos antes de encontrar el que mejor les funcione, por lo que es importante continuar con el tratamiento y mantener la esperanza.\r\n\r\nPuede encontrar la información más reciente sobre advertencias, guías de medicamentos para pacientes o medicamentos aprobados recientemente en el sitio web en inglés de la Administración de Drogas y Alimentos de los Estados Unidos (FDA, por sus siglas en inglés).\r\n\r\nTratamientos psicosociales\r\nLos tratamientos psicosociales ayudan a las personas a encontrar soluciones a los retos cotidianos y a controlar los síntomas mientras asisten a la escuela, trabajan o establecen relaciones. A menudo, estos tratamientos se usan junto con medicamentos antipsicóticos. Las personas que reciben con regularidad tratamiento psicosocial tienen menos probabilidad de que los síntomas reaparezcan o de ser hospitalizadas.\r\n\r\nAlgunos ejemplos de este tipo de tratamiento incluyen terapia cognitivo-conductual, capacitación en habilidades conductuales, empleo con apoyo e intervenciones de rehabilitación cognitiva.\r\n\r\nPuede encontrar información en inglés sobre tratamientos psicosociales en la página web del Instituto Nacional de la Salud Mental (NIMH, por sus siglas en inglés) sobre las psicoterapias.\r\n\r\nEducación y apoyo familiar\r\nLos programas educativos pueden ayudar a familiares y amigos a conocer los síntomas de la esquizofrenia, las opciones de tratamiento y las estrategias para ayudar a los seres queridos con la enfermedad. Estos programas pueden ayudar a los amigos y familiares a controlar su angustia, mejorar sus propias habilidades de afrontamiento y fortalecer su capacidad para brindar apoyo.\r\n\r\nAtención especializada coordinada\r\nLos programas de atención especializada coordinada (también conocida como CSC, por sus siglas en inglés) son programas centrados en la recuperación de personas con un primer episodio de psicosis, una etapa temprana de la esquizofrenia. Los profesionales y los especialistas de la salud trabajan juntos como equipo para brindar esta atención coordinada, que incluye psicoterapia, medicamentos, gestión de casos, apoyo laboral y educativo, y educación y apoyo familiar. El equipo de tratamiento trabaja en colaboración con el paciente para tomar decisiones sobre el tratamiento, haciendo partícipes en la medida de lo posible a los miembros de la familia.\r\n\r\nEn comparación con la atención regular, la atención especializada coordinada es más eficaz para reducir los síntomas, mejorar la calidad de vida y aumentar el grado de participación en el trabajo o la escuela.\r\n\r\nTratamiento comunitario asertivo\r\nEl tratamiento comunitario asertivo está diseñado para ayudar a las personas con esquizofrenia que probablemente serán hospitalizadas en varias ocasiones o se quedarán sin hogar. Por lo general, este tipo de tratamiento lo ofrece un equipo de profesionales de la salud y especialistas que trabajan juntos para brindar atención a los pacientes en la comunidad.\r\n\r\nTratamiento para el consumo de drogas y alcoholismo \r\nCon frecuencia, las personas con esquizofrenia tienen problemas de drogas y alcohol. Un programa de tratamiento que incluya tanto el tratamiento para la esquizofrenia como para el consumo de drogas y alcohol es importante para la recuperación, ya que el consumo de sustancias puede interferir con el tratamiento de la esquizofrenia.\r\n\r\n¿Cómo puedo encontrar ayuda?\r\nSi no sabe dónde obtener ayuda, puede comenzar con su médico u otro proveedor de atención médica. Ellos pueden referirlo a un profesional apto de salud mental, como un psiquiatra o un psicólogo que tenga experiencia en el tratamiento de la esquizofrenia. Puede obtener más información sobre cómo obtener ayuda en la página web del NIMH para enfermedades mentales.\r\n\r\nLa Administración de Servicios de Abuso de Sustancias y Salud Mental (SAMHSA, por sus siglas en inglés) ofrece una herramienta en línea para encontrar tratamientos y programas para la salud mental cerca de donde usted vive. Puede encontrar información en inglés sobre lugares que ofrecen atención especializada coordinada usando el localizador de tratamientos de SAMHSA para enfermedades mentales graves en una etapa temprana.\r\n\r\nPara obtener consejos sobre cómo hablar con su médico sobre su salud mental y así aprovechar al máximo su visita, lea la hoja informativa del NIMH “Tome control de su salud mental: Consejos para hablar con su proveedor de atención médica”.\r\n\r\n¿Cómo puedo ayudar a un familiar o amigo familiar que tiene esquizofrenia?\r\nPuede ser difícil saber cómo se puede ayudar a alguien que está con psicosis. A continuación, le damos algunos consejos de lo que puede hacer:\r\n\r\nAyúdele a recibir tratamiento y anímelo a permanecer en tratamiento.\r\nRecuerde que sus creencias o alucinaciones le parecen muy reales.\r\nSea respetuoso, comprensivo y amable, pero sin tolerar comportamientos peligrosos o inapropiados.\r\nBusque grupos de apoyo y programas de educación familiar, como los que ofrece la Alianza Nacional de Enfermedades Mentales (en inglés).\r\nSi un ser querido está pensando en suicidarse o hacerse daño de alguna otra manera, ya sea a sí mismo o a otros, busque ayuda de inmediato.\r\n\r\nLlame al 911 o vaya a la sala de emergencias más cercana.\r\nLlame gratis a Lifeline, la Línea Nacional de Prevención del Suicidio al 1–888–628–9454.\r\nEnvíe un mensaje de texto en inglés a la Línea de Mensajes de Texto en Tiempos de Crisis (HELLO al 741741).\r\n¿Qué debo saber sobre los ensayos clínicos?\r\nLos ensayos clínicos son estudios de investigación que analizan nuevas formas de prevenir, detectar o tratar enfermedades y trastornos. Aunque las personas pueden beneficiarse de formar parte de un ensayo clínico, los participantes deben ser conscientes de que el objetivo principal de un ensayo clínico es obtener nuevos conocimientos científicos para que otros puedan recibir una mejor ayuda en el futuro.',	75006),
(79,	2023076000,	'No hay notas aún',	2);

DROP TABLE IF EXISTS `Paciente`;
CREATE TABLE `Paciente` (
  `No_Expediente` bigint NOT NULL,
  `Nombre` varchar(50) NOT NULL,
  `FechaNacimiento` date NOT NULL,
  `Edad` int NOT NULL,
  `Sexo` int NOT NULL,
  `Padecimiento` int NOT NULL,
  `Telefono` bigint NOT NULL,
  `Foto` varchar(500) CHARACTER SET utf8mb4 COLLATE utf8mb4_0900_ai_ci DEFAULT './FotosPacientes/wolf.jpg',
  `Familiar` int DEFAULT NULL,
  `id_usuario` int DEFAULT NULL,
  PRIMARY KEY (`No_Expediente`),
  KEY `Padecimiento` (`Padecimiento`),
  KEY `Sexo` (`Sexo`),
  KEY `Familiar` (`Familiar`),
  KEY `id_usuario` (`id_usuario`),
  CONSTRAINT `Paciente_ibfk_1` FOREIGN KEY (`Sexo`) REFERENCES `Sexo` (`Sexo`) ON DELETE CASCADE,
  CONSTRAINT `Paciente_ibfk_2` FOREIGN KEY (`Padecimiento`) REFERENCES `Padecimiento` (`Padecimiento`) ON DELETE CASCADE,
  CONSTRAINT `Paciente_ibfk_3` FOREIGN KEY (`Sexo`) REFERENCES `Sexo` (`Sexo`) ON DELETE CASCADE,
  CONSTRAINT `Paciente_ibfk_4` FOREIGN KEY (`Padecimiento`) REFERENCES `Padecimiento` (`Padecimiento`) ON DELETE CASCADE,
  CONSTRAINT `Paciente_ibfk_5` FOREIGN KEY (`Sexo`) REFERENCES `Sexo` (`Sexo`) ON DELETE CASCADE,
  CONSTRAINT `Paciente_ibfk_6` FOREIGN KEY (`Sexo`) REFERENCES `Sexo` (`Sexo`) ON DELETE CASCADE,
  CONSTRAINT `Paciente_ibfk_7` FOREIGN KEY (`Sexo`) REFERENCES `Sexo` (`Sexo`) ON DELETE CASCADE,
  CONSTRAINT `Paciente_ibfk_8` FOREIGN KEY (`Familiar`) REFERENCES `Familiar` (`Familiar`) ON DELETE SET NULL,
  CONSTRAINT `Paciente_ibfk_9` FOREIGN KEY (`id_usuario`) REFERENCES `Usuario` (`id_usuario`) ON DELETE SET NULL
) ENGINE=InnoDB DEFAULT CHARSET=utf8mb4 COLLATE=utf8mb4_0900_ai_ci;

INSERT INTO `Paciente` (`No_Expediente`, `Nombre`, `FechaNacimiento`, `Edad`, `Sexo`, `Padecimiento`, `Telefono`, `Foto`, `Familiar`, `id_usuario`) VALUES
(2023076000,	'Ana Maria',	'1950-12-12',	72,	2,	3,	5544993322,	'./FotosPacientes/unnamed.jpg',	24,	2),
(20230750000,	'Antonio Méndez Noble',	'1955-10-02',	67,	1,	2,	5589475632,	'./FotosPacientes/0003.png',	15,	75000),
(20230750001,	'Roberto Garza Cortés',	'1955-06-18',	67,	1,	2,	5589427776,	'./FotosPacientes/0004.png',	4,	75001),
(20230750002,	'Ramiro Ramírez Gutiérrez',	'1950-12-01',	72,	1,	3,	5512220346,	'./FotosPacientes/0005.png',	3,	75005),
(20230750003,	' Eduardo Vega Pérez',	'1952-03-09',	71,	1,	4,	5520136975,	'./FotosPacientes/0006.png',	2,	75004),
(20230750004,	' Oliverio Welsh Lozano',	'1966-10-16',	56,	1,	4,	5547896135,	'./FotosPacientes/0007.png',	3,	75003),
(20230750005,	'Octavio Herrera Osorio',	'1952-01-25',	71,	1,	1,	5521364879,	'./FotosPacientes/0000.png',	10,	75008),
(20230750006,	'Susana Marcela Jaramillo Hernández',	'1960-12-03',	62,	2,	3,	5587449930,	'./FotosPacientes/0008.png',	8,	75002),
(20230750007,	'Martha Cabezas Pérez',	'1949-10-24',	73,	2,	2,	5547800002,	'./FotosPacientes/0009.png',	6,	75007),
(20230750008,	'Lauro Salvador Gómez Guerra',	'1941-04-15',	82,	1,	2,	5558745555,	'./FotosPacientes/0001.png',	7,	75000),
(20230750009,	'Sergio Zúñiga Guajardo',	'1955-02-20',	68,	1,	1,	5558877499,	'./FotosPacientes/0002.png',	2,	75006);

DELIMITER ;;

CREATE TRIGGER `Notas_iniciales` AFTER INSERT ON `Paciente` FOR EACH ROW
begin
insert into Notas_medicas(No_Expediente, Nota) values(new.No_Expediente, "No hay notas aún");

insert into Sesiones_diarias(No_Expediente, Resumen, SesionCompleta, fechaSesion) values(new.No_Expediente, "No hay resumen de sesion aún", "No hay sesiones con el paciente", curdate());

end;;

DELIMITER ;

DROP TABLE IF EXISTS `Padecimiento`;
CREATE TABLE `Padecimiento` (
  `Padecimiento` int NOT NULL AUTO_INCREMENT,
  `Valor_Padecimiento` varchar(50) CHARACTER SET utf8mb4 COLLATE utf8mb4_0900_ai_ci NOT NULL,
  PRIMARY KEY (`Padecimiento`)
) ENGINE=InnoDB AUTO_INCREMENT=5 DEFAULT CHARSET=utf8mb4 COLLATE=utf8mb4_0900_ai_ci;

INSERT INTO `Padecimiento` (`Padecimiento`, `Valor_Padecimiento`) VALUES
(1,	'Estrés'),
(2,	'Depresion'),
(3,	'Ansiedad'),
(4,	'Estrés postraumático');

DROP TABLE IF EXISTS `Parentezco`;
CREATE TABLE `Parentezco` (
  `Parentezco` int NOT NULL AUTO_INCREMENT,
  `Valor_Parentezco` varchar(30) CHARACTER SET utf8mb4 COLLATE utf8mb4_0900_ai_ci NOT NULL,
  PRIMARY KEY (`Parentezco`)
) ENGINE=InnoDB AUTO_INCREMENT=4 DEFAULT CHARSET=utf8mb4 COLLATE=utf8mb4_0900_ai_ci;

INSERT INTO `Parentezco` (`Parentezco`, `Valor_Parentezco`) VALUES
(1,	'Hijo(a)'),
(2,	'Cónyugue'),
(3,	'Tutor');

DROP TABLE IF EXISTS `Rol`;
CREATE TABLE `Rol` (
  `id_rol` int NOT NULL AUTO_INCREMENT,
  `rol` varchar(10) NOT NULL,
  PRIMARY KEY (`id_rol`)
) ENGINE=InnoDB AUTO_INCREMENT=3 DEFAULT CHARSET=utf8mb4 COLLATE=utf8mb4_0900_ai_ci;

INSERT INTO `Rol` (`id_rol`, `rol`) VALUES
(1,	'Admin'),
(2,	'Doctor');

DROP TABLE IF EXISTS `Sesiones_diarias`;
CREATE TABLE `Sesiones_diarias` (
  `id_sesion` bigint NOT NULL AUTO_INCREMENT,
  `No_Expediente` bigint NOT NULL,
  `Resumen` text CHARACTER SET utf8mb4 COLLATE utf8mb4_0900_ai_ci NOT NULL,
  `SesionCompleta` text CHARACTER SET utf8mb4 COLLATE utf8mb4_0900_ai_ci NOT NULL,
  `Audio` varchar(500) CHARACTER SET utf8mb4 COLLATE utf8mb4_0900_ai_ci NOT NULL DEFAULT './audios/audio.wav',
  `fechaSesion` date NOT NULL DEFAULT '2023-04-24',
  PRIMARY KEY (`id_sesion`),
  KEY `No_Expediente` (`No_Expediente`),
  CONSTRAINT `Sesiones_diarias_ibfk_1` FOREIGN KEY (`No_Expediente`) REFERENCES `Paciente` (`No_Expediente`) ON DELETE CASCADE ON UPDATE CASCADE
) ENGINE=InnoDB AUTO_INCREMENT=20230750031 DEFAULT CHARSET=utf8mb4 COLLATE=utf8mb4_0900_ai_ci;

INSERT INTO `Sesiones_diarias` (`id_sesion`, `No_Expediente`, `Resumen`, `SesionCompleta`, `Audio`, `fechaSesion`) VALUES
(20230750000,	20230750000,	'Presencia de otras enfermedades tales como Alzheimer,\r\ncáncer, diabetes, afecciones al corazón, desórdenes\r\nhormonales, mal de Parkinson o trombosis. Otras veces,\r\ncreemos que los síntomas de la depresión desaparecerán con\r\nel tiempo, por sí solos, \"si ponemos de nuestra parte\". La\r\ndepresión nos puede provocar deseos de alejarnos de nuestra\r\nfamilia, amigos, trabajo, y escuela. Sin embargo, cuando los\r\nhispanos/latinos experimentamos problemas de salud mental,\r\ndebemos afrontar además de nuestra enfermedad, numerosas\r\nbarreras para recibir cuidados y tratamiento adecuados.\r\nPuede además causarnos ansiedad, pérdida del sueño, del\r\napetito, y falta de interés o placer en realizar diferentes\r\nactividades.',	'¿Qué Es La Depresión?\r\nLa depresión clínica, es una enfermedad grave y común que nos afecta física y mentalmente en nuestro modo de sentir y de pensar. La depresión nos puede provocar deseos de alejarnos de nuestra familia, amigos, trabajo, y escuela. Puede además causarnos ansiedad, pérdida del sueño, del apetito, y falta de interés o placer en realizar diferentes actividades.\r\n\r\n“Juan y yo habíamos imaginado durante mucho tiempo planes maravillosos para visitar a nuestras familias y volver a ver a nuestros amigos. Sin embargo, en ese momento hacer un viaje, era la última cosa que yo quería hacer. ¡Me sentía tan cansada! Algunas mañanas ni siquiera podía levantarme de la cama”.\r\n\r\n“Me despertaba todas las noches antes del amanecer. Me preocupaba por mi bebé, por mi mamá, por mi trabajo. Luego, cuando logré conseguir uno, ni siquiera podía concentrarme en lo que estaba haciendo”.\r\n\r\n“Mi familia y mis amigos se dieron cuenta que \"yo ya no era el mismo\". No podía disfrutar de las cosas que me gustaban, como el baile, ver una película, e incluso hacer el amor. ¡No entendía qué me estaba pasando, y me preocupaba pensar que me sentiría así para siempre!”\r\n\r\n“Tenía problemas enormes para dormir, no hacía bien mi trabajo, le perdí el gusto a las comidas”.\r\n\r\n“Después de dar a luz a mi bebé, pensé que estaría feliz, pero me sentía cada vez peor. Estaba muy triste, me sentía culpable de no disfrutar de mi nuevo bebé”.\r\n\r\n¿Es esto lo que le está pasando a usted?\r\n\r\n¿Le está sucediendo a alguien que usted conoce?\r\n\r\n¿Sabía que todas estas personas podrían estar experimentando una depresión clínica?\r\n\r\nCasi todos nosotros hemos sentido alguna vez, una inmensa tristeza en nuestras vidas. Esto es normal. Pero si esta tristeza o actitud depresiva continúa por mas de dos semanas, se debe buscar ayuda. Sentir tristeza es normal, estar deprimido clínicamente no lo es.\r\n\r\nLa depresión clínica no es simplemente una angustia, es también una tristeza o melancolía permanente. Nos lleva a sentir inútiles, sin esperanza; a veces, es posible que nos querramos dar por vencidos. La depresión clínica causa pérdida del placer en la vida diaria, tensión en el trabajo y en las relaciones, agrava condiciones médicas e incluso puede llevarle al suicidio.\r\n\r\nCon ayuda esa nube oscura desaparecerá y volverá a ver el cielo azul. El sol puede y debe brillar de nuevo para usted.\r\n\r\nLa depresión es una enfermedad tratable. Con ayuda y apoyo se puede curar.\r\n\r\nLa depresión clínica puede ser tratada.\r\n\r\nPodemos volver a tomar el control de nuestras vidas. No necesitamos vivir sintiéndonos ansiosos, tristes e irritables. ¡Tampoco necesitamos pasar noches en vela!\r\n\r\nCualquier persona que experimente síntomas depresivos debe ser diagnosticada y tratada.\r\n\r\nExisten diferentes maneras de controlar las diferentes formas de depresión. La más común, pero la más severa es la depresión clínica. En este folleto nos dedicamos a explicarle sobre la depresión clínica.\r\n\r\nDiagnóstico\r\n\r\n¿A quién le puede afectar la depresión clínica?\r\n\r\nPuede afectar a cualquier persona, de cualquier nivel económico y en cualquier edad. ¡Las enfermedades mentales no discriminan! Afectan a ricos y pobres, blancos y negros, hispano/latinos y asiáticos, ancianos y niños.\r\n\r\nSin embargo, cuando los hispanos/latinos experimentamos problemas de salud mental, debemos afrontar además de nuestra enfermedad, numerosas barreras para recibir cuidados y tratamiento adecuados. Entre las barreras más comunes se encuentran las diferencias socio-económicas, la desigualdad en el acceso de cobertura en salud, la falta de sensibilidad sociocultural en la relación paciente — proveedor, y la falta de seguro de salud.\r\n\r\nPor eso es importante que estemos bien informados sobre nuestros derechos de ser respetados y atendidos con dignidad y libres de prejuicios o estigmas.\r\n\r\n¿Cuáles son los factores que contribuyen a la depresión clínica?\r\n\r\nLas razones para caer en un estado depresivo son muy variadas. Algunas personas caen en depresión clínica cuando experimentan un acontecimiento emotivo en sus vidas, por ejemplo, cuando perdemos el trabajo o terminamos una relación amorosa importante.\r\n\r\nA otras personas les puede afectar como resultado de una suma de factores y acontecimientos: Cuando migramos y dejamos atrás en nuestro país nuestra familia y amigos más queridos; cuando sentimos falta de habilidad para comunicarnos; cuando nos resulta difícil entender e integrarnos a una nueva cultura. Sin embargo, hay gente que puede llegar a sentirse deprimida sin ninguna advertencia previa.\r\n\r\nAlgunos factoresque pueden contribuir a la depresión clínica son entre otros:\r\n\r\n \r\n\r\nSexo, las mujeres sufren dos veces más de depresión que los hombres. Aunque las razones no son claras, existen diferencias genéticas y hormonales que pueden contribuir a la depresión.\r\nAntecedentes familiares, cuando algún miembro de su familia padece de depresión severa, hay el doble de posibilidades para adquirirla. Aunque puede ocurrir en personas que no tienen parientes con depresión.\r\nUso de ciertas medicinas, algunos medicamentos con o sin receta médica pueden causar depresión clínica. \r\nCambios o dificultades en la vida, tales como divorcio, jubilación, la muerte de un ser querido, pérdida del trabajo, cambio de país y estilo de vida, crecientes presiones en el trabajo o incremento en la pobreza.\r\nSentimientos de pérdida de control sobre nuestras vidas. Aquellas personas a menudo sienten que perdieron el control y pasan mucho tiempo lamentándose por ello, tienen mayor probabilidad de desarrollar una depresión mayor.\r\nPresencia de otras enfermedades tales como Alzheimer, cáncer, diabetes, afecciones al corazón, desórdenes hormonales, mal de Parkinson o trombosis. Así como también otros trastornos mentales como la ansiedad y trastornos de la alimentación.\r\nAbuso del alcohol o drogas, cuando se tiene problemas de consumo de alcohol y otras drogas se tiene mayor probabilidad de desarrollar una depresión mayor.\r\n \r\n\r\nSi sospecha que está sufriendo de depresión, complete el siguiente cuestionario. Este ejercicio le ayudará a identificarla. Para ello tenga en cuenta las siguientes pautas:\r\n\r\nPiense acerca de lo que está sintiendo. Defina cuál es el síntoma más cercano a lo que usted siente. Conteste honestamente a cada una de las preguntas. Marque sus respuestas en el cuadro al frente.\r\n\r\n¿Estoy triste o enfermo de depresión?\r\n¿Se siente triste, ansioso, o tiene un sentimiento de vacío permanente?\r\n¿Tiene sentimiento de culpa, no le encuentra sentido a su vida, o está desesperado?\r\n¿Tiene problemas para concentrarse, memorizar, o tomar decisiones?\r\n¿Se siente muy cansado, débil o sin energía?\r\n¿Tiene problemas para dormir, padece de insomnio o se da cuenta de que está durmiendo demasiado?\r\n¿Ha perdido el apetito y el interés en comer o por el contrario, encuentra que está comiendo todo el tiempo?\r\n¿Se siente irritado o desesperado?\r\n¿Tiene dolores y sufrimientos que no se alivian por más que lo ha intentado?\r\n¿Ha perdido interés en actividades que antes disfrutaba, incluyendo el sexo?\r\n¿Tiene sentimientos de culpa, desespero, abandono, pesimismo o desesperanza?\r\n¿Tiene pensamientos suicidas o de muerte? \r\nSíntomas\r\n\r\n¿Cuáles son los síntomas de la depresión clínica?\r\n\r\nExisten varios, sin embargo, no se presentan los síntomas de la misma manera en todas las personas. En algunas personas pueden aparecer sólo algunos, mientras que en otras pueden presentarse muchos de ellos.\r\n\r\nPida cita con su doctor de inmediato, si:\r\n\r\nHa tenido cinco o más de estos síntomas por más de dos semanas;\r\nLos síntomas están afectando su vida diaria;\r\nHa contemplado la posibilidad de suicidio.\r\nCuando vaya a ver a su médico, puede llevarle sus respuestas a este cuestionario. También puede pedir que le hagan una prueba sobre depresión. Estas pruebas están disponibles en todo el país, son gratis, rápidas y fáciles de hacer. Para hacerla no necesita dar su nombre, son confidenciales.\r\n\r\nNo se sienta avergonzado de buscar ayuda. Siempre es más saludable y recomendable hablar con alguien que tratar de buscar alivio en el alcohol o las drogas. Además esta práctica puede agravar más aún sus síntomas de depresión.\r\n\r\nEl tratamiento\r\n\r\n¿Cómo se trata la depresión?\r\n\r\nLas maneras más comunes de tratar la depresión clínica son suministrando medicamentos, psicoterapia, o una combinación de ambos. La elección del tratamiento depende de:\r\n\r\nla severidad de los síntomas,\r\nlos antecedentes de la enfermedad,\r\nla preferencia de la persona.\r\nLa depresión clínica es una de las enfermedades médicas más tratables. De cada 10 personas con depresión, más de ocho se sentirán mejor con ayuda profesional.\r\n\r\nMuchos hispano/latinos no buscamos ayuda para tratar la depresión. Creemos erróneamente que si lo hacemos podemos ser calificados como personas débiles o sin carácter. Otras veces, creemos que los síntomas de la depresión desaparecerán con el tiempo, por sí solos, \"si ponemos de nuestra parte\". Estas ideas son falsas. Cualquier persona que sufra de depresión, así como cualquier otra enfermedad grave, necesita ayuda profesional especializada. Los síntomas seguirán ahí, hasta tanto no se inicie el tratamiento; entre más pronto lo hagamos, más pronto nos empezaremos a sentir mejor.\r\n\r\nMedicamentos\r\n\r\nLos medicamentos comunes para el tratamiento de la depresión se llaman antidepresivos. Ellos restablecen el equilibrio químico normal de las partes del cerebro que tienen que ver con las emociones. Los antidepresivos no crean hábito, ni cambian nuestra personalidad. Ellos nos ayudan a tener un mejor estado de animo, así como a mejorar nuestros patrones de apetito y sueño.\r\n\r\nNormalmente los antidepresivos necesitan tiempo para que alcancen todo su potencial, es decir, no actúan sobre nuestro organismo de manera inmediata. Después de haber iniciado el tratamiento, comenzaremos a sentir mejor en 3 o 4 semanas. Algunas personas pueden tardar de 6 a 8 semanas antes de sentir su acción benéfica.\r\n\r\nPara recetarle el medicamento que más le convenga, su médico tendrá que observarlo y con su ayuda decidirá la cantidad que funciona mejor en su organismo. Por eso es importante que se comunique regularmente con él y que tome los medicamentos tal y como le indique. Progresivamente su doctor podrá sugerirle cambio en las dosis hasta lograr el tratamiento más adecuado para usted.\r\n\r\nAún cuando nos empecemos a sentir mejor, es muy importante que entendamos que debemos continuar tomando nuestros antidepresivos, por lo menos de 4 a 9 meses después de que los síntomas hayan mejorado.\r\n\r\nPsicoterapia\r\n\r\nPodemos elegir diferentes formas de psicoterapia, que incluye tratamiento individual, familiar o de grupo. Los psicólogos clínicos, psiquiatras, trabajadores sociales y consejeros están preparados para entender y ayudarle a manejar mejor sus problemas.\r\n\r\n“Para mí fue difícil tomar la decisión de ir a ver al Dr. García. Pero hablar con él me ayudó mucho. Escuchó mis problemas con mucha atención, nunca me hizo sentir avergonzado. Tampoco me criticó por sentirme como me sentía. Después de un tiempo, volví a tener optimismo acerca de mi futuro. Sin la terapia, no me imagino dónde estaría hoy.”\r\n\r\n“No quería ir a ver a un terapeuta, me sentía muy nerviosa. Además me parecía que no tenían derecho de enterarse de mis problemas. ¿Por qué hablar con un desconocido, si ni siquiera quería que se enterara mi mejor amiga? Sin embargo, con mi silencio las cosas no mejoraban. Por más que ponía todo mi empeño cada día me sentía más y más deprimida. Conseguí el nombre de una terapeuta en español y cerca de mi trabajo. Después de 3 meses de recibir ayuda de un consejero y tomar mis antidepresivos, empecé a ver luz al final del túnel. Todavía me siento muy orgullosa de mi misma, no sólo por haber superado mi desconfianza para pedir ayuda, sino por haber logrado dar el paso hacia mi mejoría”.\r\n\r\n“Despues de un mes de terapia y de tomar medicamentos, sentí esperanza de nuevo, me siento como antes. Mi familia está aliviada y contenta de verme así”.\r\n\r\nLos medicamentos y la terapia no funcionan para todos en la misma forma. Por esta razón, si no se siente mejor después de 6 u 8 semanas de haber empezado con su tratamiento, hable con su doctor. Quizá un cambio en la dosis de su medicamento o un cambio de terapeuta, puedan ayudarlo mejor.',	'./audios/audio.wav',	'2023-01-01'),
(20230750001,	20230750001,	'Presencia de otras enfermedades tales como Alzheimer,\r\ncáncer, diabetes, afecciones al corazón, desórdenes\r\nhormonales, mal de Parkinson o trombosis. Otras veces,\r\ncreemos que los síntomas de la depresión desaparecerán con\r\nel tiempo, por sí solos, \"si ponemos de nuestra parte\". La\r\ndepresión nos puede provocar deseos de alejarnos de nuestra\r\nfamilia, amigos, trabajo, y escuela. Sin embargo, cuando los\r\nhispanos/latinos experimentamos problemas de salud mental,\r\ndebemos afrontar además de nuestra enfermedad, numerosas\r\nbarreras para recibir cuidados y tratamiento adecuados.\r\nPuede además causarnos ansiedad, pérdida del sueño, del\r\napetito, y falta de interés o placer en realizar diferentes\r\nactividades.',	'¿Qué Es La Depresión?\r\nLa depresión clínica, es una enfermedad grave y común que nos afecta física y mentalmente en nuestro modo de sentir y de pensar. La depresión nos puede provocar deseos de alejarnos de nuestra familia, amigos, trabajo, y escuela. Puede además causarnos ansiedad, pérdida del sueño, del apetito, y falta de interés o placer en realizar diferentes actividades.\r\n\r\n“Juan y yo habíamos imaginado durante mucho tiempo planes maravillosos para visitar a nuestras familias y volver a ver a nuestros amigos. Sin embargo, en ese momento hacer un viaje, era la última cosa que yo quería hacer. ¡Me sentía tan cansada! Algunas mañanas ni siquiera podía levantarme de la cama”.\r\n\r\n“Me despertaba todas las noches antes del amanecer. Me preocupaba por mi bebé, por mi mamá, por mi trabajo. Luego, cuando logré conseguir uno, ni siquiera podía concentrarme en lo que estaba haciendo”.\r\n\r\n“Mi familia y mis amigos se dieron cuenta que \"yo ya no era el mismo\". No podía disfrutar de las cosas que me gustaban, como el baile, ver una película, e incluso hacer el amor. ¡No entendía qué me estaba pasando, y me preocupaba pensar que me sentiría así para siempre!”\r\n\r\n“Tenía problemas enormes para dormir, no hacía bien mi trabajo, le perdí el gusto a las comidas”.\r\n\r\n“Después de dar a luz a mi bebé, pensé que estaría feliz, pero me sentía cada vez peor. Estaba muy triste, me sentía culpable de no disfrutar de mi nuevo bebé”.\r\n\r\n¿Es esto lo que le está pasando a usted?\r\n\r\n¿Le está sucediendo a alguien que usted conoce?\r\n\r\n¿Sabía que todas estas personas podrían estar experimentando una depresión clínica?\r\n\r\nCasi todos nosotros hemos sentido alguna vez, una inmensa tristeza en nuestras vidas. Esto es normal. Pero si esta tristeza o actitud depresiva continúa por mas de dos semanas, se debe buscar ayuda. Sentir tristeza es normal, estar deprimido clínicamente no lo es.\r\n\r\nLa depresión clínica no es simplemente una angustia, es también una tristeza o melancolía permanente. Nos lleva a sentir inútiles, sin esperanza; a veces, es posible que nos querramos dar por vencidos. La depresión clínica causa pérdida del placer en la vida diaria, tensión en el trabajo y en las relaciones, agrava condiciones médicas e incluso puede llevarle al suicidio.\r\n\r\nCon ayuda esa nube oscura desaparecerá y volverá a ver el cielo azul. El sol puede y debe brillar de nuevo para usted.\r\n\r\nLa depresión es una enfermedad tratable. Con ayuda y apoyo se puede curar.\r\n\r\nLa depresión clínica puede ser tratada.\r\n\r\nPodemos volver a tomar el control de nuestras vidas. No necesitamos vivir sintiéndonos ansiosos, tristes e irritables. ¡Tampoco necesitamos pasar noches en vela!\r\n\r\nCualquier persona que experimente síntomas depresivos debe ser diagnosticada y tratada.\r\n\r\nExisten diferentes maneras de controlar las diferentes formas de depresión. La más común, pero la más severa es la depresión clínica. En este folleto nos dedicamos a explicarle sobre la depresión clínica.\r\n\r\nDiagnóstico\r\n\r\n¿A quién le puede afectar la depresión clínica?\r\n\r\nPuede afectar a cualquier persona, de cualquier nivel económico y en cualquier edad. ¡Las enfermedades mentales no discriminan! Afectan a ricos y pobres, blancos y negros, hispano/latinos y asiáticos, ancianos y niños.\r\n\r\nSin embargo, cuando los hispanos/latinos experimentamos problemas de salud mental, debemos afrontar además de nuestra enfermedad, numerosas barreras para recibir cuidados y tratamiento adecuados. Entre las barreras más comunes se encuentran las diferencias socio-económicas, la desigualdad en el acceso de cobertura en salud, la falta de sensibilidad sociocultural en la relación paciente — proveedor, y la falta de seguro de salud.\r\n\r\nPor eso es importante que estemos bien informados sobre nuestros derechos de ser respetados y atendidos con dignidad y libres de prejuicios o estigmas.\r\n\r\n¿Cuáles son los factores que contribuyen a la depresión clínica?\r\n\r\nLas razones para caer en un estado depresivo son muy variadas. Algunas personas caen en depresión clínica cuando experimentan un acontecimiento emotivo en sus vidas, por ejemplo, cuando perdemos el trabajo o terminamos una relación amorosa importante.\r\n\r\nA otras personas les puede afectar como resultado de una suma de factores y acontecimientos: Cuando migramos y dejamos atrás en nuestro país nuestra familia y amigos más queridos; cuando sentimos falta de habilidad para comunicarnos; cuando nos resulta difícil entender e integrarnos a una nueva cultura. Sin embargo, hay gente que puede llegar a sentirse deprimida sin ninguna advertencia previa.\r\n\r\nAlgunos factoresque pueden contribuir a la depresión clínica son entre otros:\r\n\r\n \r\n\r\nSexo, las mujeres sufren dos veces más de depresión que los hombres. Aunque las razones no son claras, existen diferencias genéticas y hormonales que pueden contribuir a la depresión.\r\nAntecedentes familiares, cuando algún miembro de su familia padece de depresión severa, hay el doble de posibilidades para adquirirla. Aunque puede ocurrir en personas que no tienen parientes con depresión.\r\nUso de ciertas medicinas, algunos medicamentos con o sin receta médica pueden causar depresión clínica. \r\nCambios o dificultades en la vida, tales como divorcio, jubilación, la muerte de un ser querido, pérdida del trabajo, cambio de país y estilo de vida, crecientes presiones en el trabajo o incremento en la pobreza.\r\nSentimientos de pérdida de control sobre nuestras vidas. Aquellas personas a menudo sienten que perdieron el control y pasan mucho tiempo lamentándose por ello, tienen mayor probabilidad de desarrollar una depresión mayor.\r\nPresencia de otras enfermedades tales como Alzheimer, cáncer, diabetes, afecciones al corazón, desórdenes hormonales, mal de Parkinson o trombosis. Así como también otros trastornos mentales como la ansiedad y trastornos de la alimentación.\r\nAbuso del alcohol o drogas, cuando se tiene problemas de consumo de alcohol y otras drogas se tiene mayor probabilidad de desarrollar una depresión mayor.\r\n \r\n\r\nSi sospecha que está sufriendo de depresión, complete el siguiente cuestionario. Este ejercicio le ayudará a identificarla. Para ello tenga en cuenta las siguientes pautas:\r\n\r\nPiense acerca de lo que está sintiendo. Defina cuál es el síntoma más cercano a lo que usted siente. Conteste honestamente a cada una de las preguntas. Marque sus respuestas en el cuadro al frente.\r\n\r\n¿Estoy triste o enfermo de depresión?\r\n¿Se siente triste, ansioso, o tiene un sentimiento de vacío permanente?\r\n¿Tiene sentimiento de culpa, no le encuentra sentido a su vida, o está desesperado?\r\n¿Tiene problemas para concentrarse, memorizar, o tomar decisiones?\r\n¿Se siente muy cansado, débil o sin energía?\r\n¿Tiene problemas para dormir, padece de insomnio o se da cuenta de que está durmiendo demasiado?\r\n¿Ha perdido el apetito y el interés en comer o por el contrario, encuentra que está comiendo todo el tiempo?\r\n¿Se siente irritado o desesperado?\r\n¿Tiene dolores y sufrimientos que no se alivian por más que lo ha intentado?\r\n¿Ha perdido interés en actividades que antes disfrutaba, incluyendo el sexo?\r\n¿Tiene sentimientos de culpa, desespero, abandono, pesimismo o desesperanza?\r\n¿Tiene pensamientos suicidas o de muerte? \r\nSíntomas\r\n\r\n¿Cuáles son los síntomas de la depresión clínica?\r\n\r\nExisten varios, sin embargo, no se presentan los síntomas de la misma manera en todas las personas. En algunas personas pueden aparecer sólo algunos, mientras que en otras pueden presentarse muchos de ellos.\r\n\r\nPida cita con su doctor de inmediato, si:\r\n\r\nHa tenido cinco o más de estos síntomas por más de dos semanas;\r\nLos síntomas están afectando su vida diaria;\r\nHa contemplado la posibilidad de suicidio.\r\nCuando vaya a ver a su médico, puede llevarle sus respuestas a este cuestionario. También puede pedir que le hagan una prueba sobre depresión. Estas pruebas están disponibles en todo el país, son gratis, rápidas y fáciles de hacer. Para hacerla no necesita dar su nombre, son confidenciales.\r\n\r\nNo se sienta avergonzado de buscar ayuda. Siempre es más saludable y recomendable hablar con alguien que tratar de buscar alivio en el alcohol o las drogas. Además esta práctica puede agravar más aún sus síntomas de depresión.\r\n\r\nEl tratamiento\r\n\r\n¿Cómo se trata la depresión?\r\n\r\nLas maneras más comunes de tratar la depresión clínica son suministrando medicamentos, psicoterapia, o una combinación de ambos. La elección del tratamiento depende de:\r\n\r\nla severidad de los síntomas,\r\nlos antecedentes de la enfermedad,\r\nla preferencia de la persona.\r\nLa depresión clínica es una de las enfermedades médicas más tratables. De cada 10 personas con depresión, más de ocho se sentirán mejor con ayuda profesional.\r\n\r\nMuchos hispano/latinos no buscamos ayuda para tratar la depresión. Creemos erróneamente que si lo hacemos podemos ser calificados como personas débiles o sin carácter. Otras veces, creemos que los síntomas de la depresión desaparecerán con el tiempo, por sí solos, \"si ponemos de nuestra parte\". Estas ideas son falsas. Cualquier persona que sufra de depresión, así como cualquier otra enfermedad grave, necesita ayuda profesional especializada. Los síntomas seguirán ahí, hasta tanto no se inicie el tratamiento; entre más pronto lo hagamos, más pronto nos empezaremos a sentir mejor.\r\n\r\nMedicamentos\r\n\r\nLos medicamentos comunes para el tratamiento de la depresión se llaman antidepresivos. Ellos restablecen el equilibrio químico normal de las partes del cerebro que tienen que ver con las emociones. Los antidepresivos no crean hábito, ni cambian nuestra personalidad. Ellos nos ayudan a tener un mejor estado de animo, así como a mejorar nuestros patrones de apetito y sueño.\r\n\r\nNormalmente los antidepresivos necesitan tiempo para que alcancen todo su potencial, es decir, no actúan sobre nuestro organismo de manera inmediata. Después de haber iniciado el tratamiento, comenzaremos a sentir mejor en 3 o 4 semanas. Algunas personas pueden tardar de 6 a 8 semanas antes de sentir su acción benéfica.\r\n\r\nPara recetarle el medicamento que más le convenga, su médico tendrá que observarlo y con su ayuda decidirá la cantidad que funciona mejor en su organismo. Por eso es importante que se comunique regularmente con él y que tome los medicamentos tal y como le indique. Progresivamente su doctor podrá sugerirle cambio en las dosis hasta lograr el tratamiento más adecuado para usted.\r\n\r\nAún cuando nos empecemos a sentir mejor, es muy importante que entendamos que debemos continuar tomando nuestros antidepresivos, por lo menos de 4 a 9 meses después de que los síntomas hayan mejorado.\r\n\r\nPsicoterapia\r\n\r\nPodemos elegir diferentes formas de psicoterapia, que incluye tratamiento individual, familiar o de grupo. Los psicólogos clínicos, psiquiatras, trabajadores sociales y consejeros están preparados para entender y ayudarle a manejar mejor sus problemas.\r\n\r\n“Para mí fue difícil tomar la decisión de ir a ver al Dr. García. Pero hablar con él me ayudó mucho. Escuchó mis problemas con mucha atención, nunca me hizo sentir avergonzado. Tampoco me criticó por sentirme como me sentía. Después de un tiempo, volví a tener optimismo acerca de mi futuro. Sin la terapia, no me imagino dónde estaría hoy.”\r\n\r\n“No quería ir a ver a un terapeuta, me sentía muy nerviosa. Además me parecía que no tenían derecho de enterarse de mis problemas. ¿Por qué hablar con un desconocido, si ni siquiera quería que se enterara mi mejor amiga? Sin embargo, con mi silencio las cosas no mejoraban. Por más que ponía todo mi empeño cada día me sentía más y más deprimida. Conseguí el nombre de una terapeuta en español y cerca de mi trabajo. Después de 3 meses de recibir ayuda de un consejero y tomar mis antidepresivos, empecé a ver luz al final del túnel. Todavía me siento muy orgullosa de mi misma, no sólo por haber superado mi desconfianza para pedir ayuda, sino por haber logrado dar el paso hacia mi mejoría”.\r\n\r\n“Despues de un mes de terapia y de tomar medicamentos, sentí esperanza de nuevo, me siento como antes. Mi familia está aliviada y contenta de verme así”.\r\n\r\nLos medicamentos y la terapia no funcionan para todos en la misma forma. Por esta razón, si no se siente mejor después de 6 u 8 semanas de haber empezado con su tratamiento, hable con su doctor. Quizá un cambio en la dosis de su medicamento o un cambio de terapeuta, puedan ayudarlo mejor.',	'./audios/audio.wav',	'2023-02-28'),
(20230750002,	20230750002,	'Estos sentimientos continuos de agotamiento pueden\r\nconducirte a otros problemas, como insomnio, debilidad del\r\nsistema inmunológico, una dieta deficiente, entre otros.\r\nAdemás, puede estar acompañada de sentimientos profundos de\r\ninseguridad, baja autoestima o ansiedad social.1  La soledad\r\ncontinua puede afectar incluso a la persona más sociable.\r\nEste tipo de soledad crónica o a largo plazo puede afectar,\r\ncon el tiempo, todas las áreas de tu vida. Estos\r\nsentimientos, a largo plazo, son posibles síntomas de la\r\nsoledad crónica. Si estás sufriendo sentimientos de soledad\r\nque no desaparecen, ten en cuenta estos consejos:  Habla con\r\ntu médico, terapeuta u otro profesional del cuidado de la\r\nsalud.',	'En algún momento de sus vidas, muchas personas pueden sufrir episodios cortos de soledad. Este tipo de sentimientos son generalmente cortos y no se consideran crónicos. Sin embargo, cuando los sentimientos de soledad y aislamiento empeoran y continúan a largo plazo, pueden presentarse síntomas y signos más graves para tener en cuenta, y pasos que puedes seguir para ayudarte a manejar la soledad crónica.\r\n\r\n¿Qué es la soledad crónica?\r\nLa soledad crónica ocurre cuando los sentimientos de soledad y de aislamiento social continúan durante un período prolongado. Se caracteriza por sentimientos constantes y continuos de sentirse solo, alejado o separado de los demás y la incapacidad de conectarse a un nivel más profundo. Además, puede estar acompañada de sentimientos profundos de inseguridad, baja autoestima o ansiedad social.1\r\n\r\nLa soledad continua puede afectar incluso a la persona más sociable. Ser \"el alma de la fiesta\" no te excluye de caer en soledad crónica. Este tipo de soledad crónica o a largo plazo puede afectar, con el tiempo, todas las áreas de tu vida.\r\n\r\n¿Cuáles son los principales signos y síntomas de la soledad crónica?\r\nLos signos y síntomas de la soledad crónica pueden variar según la persona y la situación. Si constantemente sientes algunos de estos síntomas o todos ellos, podrías estar experimentando soledad crónica:\r\n\r\nIncapacidad de conectarte con otros en un nivel más profundo e íntimo. Quizás tienes amigos y familiares, pero tu nivel de interacción con ellos es superficial. Tu interacción no se siente conectada de una manera que te brinde satisfacción y esta desconexión parece no terminar nunca.\r\nNo tienes amigos cercanos o \"mejores\" amigos. Tienes amigos, pero son eventuales o apenas conocidos y sientes que nadie \"te entiende\" realmente.\r\nUn enorme sentimiento de aislamiento estés donde estés y con quién estés. Estás en una fiesta con muchas personas, pero te sientes aislado, separado y desconectado. En el trabajo, puedes sentirte distanciado y solo. Lo mismo en el autobús, el tren o en una calle concurrida. Es como si estuvieras en tu propia burbuja inquebrantable.\r\nSentimientos negativos de duda y de autoestima. ¿Sientes que no eres lo suficientemente bueno? Estos sentimientos, a largo plazo, son posibles síntomas de la soledad crónica.\r\nCuando intentas conectarte o comunicarte, no es correspondido y no eres visto o escuchado.\r\nAgotamiento y fatiga cuando tratas de socializar. Si tienes soledad crónica, tratar de salir y socializar con otros puede provocarte agotamiento. Estos sentimientos continuos de agotamiento pueden conducirte a otros problemas, como insomnio, debilidad del sistema inmunológico, una dieta deficiente, entre otros.\r\n¿La soledad crónica puede llevar a problemas de salud?\r\nLos sentimientos de soledad prolongados pueden afectar tu salud de diversas formas. Por ejemplo, la soledad crónica puede aumentar los niveles de cortisol en el cuerpo. El cortisol es una hormona que crea el cuerpo cuando está bajo estrés. Con el tiempo, los altos niveles de cortisol pueden producir presión arterial alta, aumento de peso, debilidad muscular, problemas de concentración, entre otros.2\r\n\r\nSi no se controlan, estos síntomas de soledad pueden aumentar tu riesgo de problemas médicos y emocionales más graves, incluidos los siguientes:3\r\n\r\nDepresión\r\nAnsiedad\r\nDerrame cerebral\r\nEnfermedad cardíaca\r\nSi crees que estás sufriendo de soledad prolongada, consulta con tu médico o terapeuta.\r\n\r\n¿Cómo afecta la soledad crónica a tu cerebro?\r\nLas investigaciones demuestran que la soledad crónica puede tener un impacto significativo en tu salud, incluso en tu cerebro. Algunos estudios incluso sugieren que puede existir un vínculo entre la soledad y un mayor riesgo de desarrollar demencia y Alzheimer.3\r\n\r\nLos sentimientos prolongados de soledad y aislamiento social pueden, además, reducir las destrezas cognitivas, como la concentración, toma de decisiones, solución de problemas e incluso la capacidad de cambiar los pensamientos negativos. Y esto puede llevar a la depresión.4\r\n\r\n¿Quién es más propenso a sentir soledad crónica?\r\nLa soledad crónica o prolongada puede afectar a todas las personas. Es fácil suponer que alguien que es tímido o introvertido por naturaleza podría tener mayor riesgo, pero alguien sociable con personalidad tipo A también puede sentir soledad crónica, aunque parezca ser el alma de la fiesta. Este tipo de soledad no es exclusivo de ningún tipo de personalidad.\r\n\r\nPara algunas personas, la soledad crónica puede convertirse en un efecto secundario de un problema médico o emocional, incluso aquellos relacionados con lo siguiente:\r\n\r\nUso de sustancias\r\nDepresión y trastorno bipolar\r\nEnfermedad o condición grave\r\nFormas leves de autismo, como síndrome de Asperger\r\nDemencia y Alzheimer\r\nTemas relacionados con la orientación sexual\r\nTodos estos temas pueden llevar a sentimientos prolongados de soledad y aislamiento. Asegúrate de que tu médico, terapeuta u otro proveedor de salud sepa cómo te sientes emocionalmente.\r\n\r\n¿Cuáles son algunos consejos para manejar la soledad crónica?\r\nSi estás sufriendo sentimientos de soledad que no desaparecen, ten en cuenta estos consejos:\r\n\r\nHabla con tu médico, terapeuta u otro profesional del cuidado de la salud. La soledad crónica no se limita a los sentimientos de aislamiento social y distanciamiento de los demás. Con frecuencia, está vinculada con creencias continuas y profundas negativas sobre uno mismo que pueden causar otros problemas médicos o emocionales. Cuéntale a alguien lo que te ocurre.\r\nConéctate con otras personas de forma positiva y saludable. Aunque puede resultar difícil, haz el esfuerzo de conectar con los demás. Trabajar como voluntario, inscribirte en algún club, unirte a grupos de ejercicios y otras oportunidades pueden ayudar a levantar tu autoestima y a encontrar una forma segura y satisfactoria de conectarte con otros.\r\nHaz ejercicio y toma un poco de sol. Estar activo y a la luz del sol puede ayudarte a elevar las endorfinas y la serotonina.5 Estas \"hormonas del cerebro\" pueden mejorar el ánimo y calidad del sueño, así como ayudar a las personas a sentirse más felices.\r\nEncuentra un grupo de apoyo, especialmente si la soledad crónica es un efecto secundario de algún otro problema que podrías estar enfrentando, como el uso de sustancias, pérdida de un ser querido, soledad después de un divorcio o separación, una enfermedad de aislamiento o crónica, etc. Recibir apoyo de otras personas que pueden compartir sentimientos similares puede ayudar a aliviar los síntomas de la soledad crónica.\r\nSi estás sufriendo de soledad prolongada y parece que no desaparecerá, habla con tu médico u otro proveedor de cuidado de la salud para que pueda ayudarte. La soledad crónica no se trata únicamente de sentirse solo; si no se controla, puede ponerte en riesgo de problemas físicos y emocionales graves.',	'./audios/audio.wav',	'2023-03-11'),
(20230750003,	20230750003,	'Los antecedentes conductuales pueden revelar escasa\r\ntolerancia a la frustración, oposición, berrinches,\r\nagresión, malas aptitudes sociales y relaciones con\r\ncompañeros, alteraciones del sueño, ansiedad, disforia,\r\ndepresión y fluctuaciones anímicas. ej., fijación de\r\nobjetivos, autocontrol, adopción de modelos, juego de\r\nroles), suele ser eficaz y ayuda a los niños a comprender el\r\nTDAH y cómo adaptarse a él. Boznovik K, McLamb F, O\'Connell\r\nK, et al: U.S. national, regional, and state‑specific\r\nsocioeconomic factors correlate with child and adolescent\r\nADHD diagnoses. Los médicos deben considerar si el niño es\r\ndistraído por factores externos (es decir, factores\r\nambientales) o internos (es decir, pensamientos, ansiedades,\r\npreocupaciones). ej., en los niños, cruzar una calle sin\r\nmirar, en adolescentes y adultos, de repente dejar la\r\nescuela o un trabajo sin pensar en las consecuencias).',	'El trastorno por déficit de atención/hiperactividad (TDAH) es un síndrome de falta de atención, hiperactividad e impulsividad. Hay 3 tipos de TDAH según predomine la falta de atención, la hiperactividad/impulsividad o una combinación de ambas. El diagnóstico se realiza por criterios clínicos. Por lo general, el tratamiento incluye farmacoterapia con fármacos estimulantes, terapia conductista e intervenciones educacionales.\r\nEl trastorno por déficit de atención/hiperactividad (TDAH) se considera una enfermedad del neurodesarrollo. Los trastornos del neurodesarrollo son las condiciones neurológicas que aparecen en la primera infancia, por lo general antes de entrar a la escuela, y afectan el desarrollo del funcionamiento personal, social, académico y/o laboral. Por lo general implican dificultades con la adquisición, conservación o aplicación de habilidades o conjuntos de información específicos. Los trastornos del desarrollo neurológico pueden implicar disfunción en una o más de las siguientes áreas: la atención, la memoria, la percepción, el lenguaje, la resolución de problemas o la interacción social. Otros trastornos del neurodesarrollo comunes incluyen trastornos del espectro autista, trastornos del aprendizaje (p. ej., dislexia) y discapacidad intelectual.\r\n\r\nAlgunos expertos consideraban previamente al TDAH un trastorno del comportamiento, probablemente debido a os trastornos de la conducta comórbidos, en particular porque los trastornos de oposición desafiante y el trastorno de conducta, son comunes. Sin embargo, el TDAH tiene fundamentos neurológicos bien establecidos y no es simplemente \"mala conducta\".\r\n\r\nSe estima que afecta al 5-15% de los niños (1). Sin embargo, muchos expertos opinan que se sobrediagnostica TDAH, en gran medida por aplicación inexacta de los criterios. Según el Diagnostic and Statistical Manual of Mental Disorders, quinta edición (DSM-5), existen 3 tipos:\r\n\r\nCon predominio del déficit de atención\r\nCon predominio de hiperactividad/impulsividad\r\nCombinado\r\nEn general, el TDAH es 2 veces más común en los varones, aunque las proporciones varían según el tipo. El tipo con predominio de hiperactividad/impulsividad es de 2 a 9 veces más frecuente en los varones; el tipo con predominio de déficit de atención se observa con igual frecuencia en ambos sexos. El TDAH tiende a agruparse en familias.\r\n\r\nEl TDAH no tiene una causa única y específica conocida. Las posibles causas de TDAH son factores genéticos, bioquímicos, sensitivomotores, fisiológicos y conductuales. Algunos factores de riesgo son un peso al nacer < 1.500 g, traumatismo craneoencefálico, deficiencia de hierro, apnea obstructiva del sueño y exposición al plomo, así como exposición prenatal a alcohol, tabaco y cocaína. El TDAH también se asocia con experiencias infantiles adversas (2). Menos del 5% de los niños con TDAH tiene evidencias de daño neurológico. Cada vez más evidencia implica diferencias de los sistemas dopaminérgico y noradrenérgico, con menor actividad o estimulación de la parte superior del tronco encefálico y los haces fronto-mesencefálicos.\r\n\r\nReferencias generales\r\n1. Boznovik K, McLamb F, O\'Connell K, et al: U.S. national, regional, and state‑specific socioeconomic factors correlate with child and adolescent ADHD diagnoses. Sci Rep 11:22008, 2021. doi: 10.1038/s41598-021-01233-2\r\n2. Brown N, Brown S, Briggs R, et al: Associations between adverse childhood experiences and ADHD diagnosis and severity. Acad Pediatr 17(4):349–355, 2017. doi: 10.1016/j.acap.2016.08.013\r\nTDAH en adultos\r\nA pesar de que el TDAH se considera un trastorno de los niños y siempre se inicia durante la infancia, las diferencias neuropsicológicas subyacentes persisten hasta la edad adulta y los síntomas conductuales se siguen evidenciando en la adultez en aproximadamente la mitad de los casos. Aunque el diagnóstico de vez en cuando puede no ser reconocido hasta la adolescencia o la edad adulta, algunas manifestaciones deberían haber estado presentes antes de los 12 años.\r\n\r\nEn los adultos, los síntomas incluyen\r\n\r\nDificultades para concentrarse\r\nDificultad para completar tareas (compromisos en la función ejecutiva)\r\nCambios de humor\r\nImpaciencia\r\nDificultades para mantener las relaciones\r\nLa hiperactividad en adultos por lo general se manifiesta como inquietud e intranquilidad en lugar de la hiperactividad motora que se produce en los niños pequeños. Los adultos con TDAH tienden a tener un mayor riesgo para el desempleo, una reducción de los logros educativos, y aumento de las tasas de abuso de sustancias y la criminalidad. Los choques y las infracciones de vehículos motorizados son más comunes.\r\n\r\nEl TDAH puede ser más difícil de diagnosticar durante la edad adulta. Los síntomas pueden ser similares a los de los trastornos del estado de ánimo, los desórdenes de ansiedad, y los trastornos por uso de sustancias. Puesto que el autoinforme de síntomas infantiles puede ser poco fiables, los médicos pueden tener que revisar los registros escolares o de entrevistas familiares para confirmar la existencia de manifestaciones antes de los 12 años.\r\n\r\nLos adultos con TDAH pueden beneficiarse con los mismos tipos de fármacos estimulantes que los niños con el mismo trastorno. También pueden beneficiarse con el asesoramiento para mejorar el manejo del tiempo y otras habilidades de adaptación.\r\n\r\nSíntomas y signos del TDAH\r\nA menudo, comienza antes de los 4 años de edad y siempre antes de los 12 años. La edad pico para el diagnóstico es entre 8 y 10 años; sin embargo, a veces no se diagnostica hasta después de la adolescencia en pacientes que presentan el tipo con predominio de déficit de atención.\r\n\r\nLos signos y síntomas centrales de TDAH son\r\n\r\nFalta de atención\r\nImpulsividad\r\nHiperactividad\r\nLa falta de atención tiende a aparecer cuando el niño realiza tareas que requieren vigilancia, tiempo de reacción rápido, búsqueda visual y perceptiva y escucha sistemática y sostenida.\r\n\r\nLa impulsividad se refiere a las acciones precipitadas que pueden provocar un resultado negativo (p. ej., en los niños, cruzar una calle sin mirar, en adolescentes y adultos, de repente dejar la escuela o un trabajo sin pensar en las consecuencias).\r\n\r\nLa hiperactividad implica actividad motora excesiva. Los niños, especialmente los más jóvenes, pueden tener dificultades para permanecer sentados en silencio cuando deben hacerlo (p. ej., en la escuela o en la iglesia). Los pacientes mayores pueden ser simplemente nerviosos, inquietos o habladores-a veces hasta el punto de que otras personas se sientan cansadas observándolos.\r\n\r\nLa falta de atención y la impulsividad impiden el desarrollo de habilidades académicas y de estrategias de pensamiento y razonamiento, la motivación para ir a la escuela y la adaptación a las demandas sociales. Los niños que presentan TDAH con predominio de déficit de atención tienen a aprender con la práctica y tienen dificultad en situaciones de aprendizaje pasivo que requieren rendimiento continuo y finalización de tareas.\r\n\r\nEn términos generales, alrededor del 20 al 60% de los niños con TDAH tiene trastornos de aprendizaje, pero se observa cierta disfunción escolar en la mayoría de los niños con este cuadro debido a falta de atención (que conduce a que pasen inadvertidos los detalles) e impulsividad (que determina que los niños respondan sin pensar acerca de las preguntas).\r\n\r\nLos antecedentes conductuales pueden revelar escasa tolerancia a la frustración, oposición, berrinches, agresión, malas aptitudes sociales y relaciones con compañeros, alteraciones del sueño, ansiedad, disforia, depresión y fluctuaciones anímicas.\r\n\r\nSi bien no hay ningún hallazgo específico en la exploración física ni en las pruebas de laboratorio asociado con TDAH, los signos pueden incluir\r\n\r\nIncoordinación motora o torpeza\r\nSignos neurológicos \"blandos\", no localizados\r\nDisfunciones perceptivo-motoras\r\nDiagnóstico del TDAH\r\nCriterios clínicos basados en el DSM-5\r\nEl diagnóstico de TDAH es clínico y se basa en una evaluación exhaustiva de los aspectos médicos, del desarrollo, educativos y psicológicos (véase también the American Academy of Pediatrics\' 2019 clinical practice guideline for the diagnosis, evaluation, and treatment of attention-deficit/hyperactivity disorder in children and adolescents de la american academy of pediatrics).\r\n\r\nCriterios diagnósticos del TDAH según el DSM-5\r\nLos criterios diagnósticos del DSM-5 incluyen 9 signos y síntomas de falta de atención y 9 de hiperactividad e impulsividad. El diagnóstico con estos criterios requiere ≥ 6 síntomas y signos de un grupo o de otro. Además, los síntomas necesitan\r\n\r\nEstar presentes a menudo por ≥ 6 meses\r\nSer más pronunciados que los previstos para el nivel de desarrollo del niño\r\nOcurre en al menos 2 situaciones (p. ej., el hogar y la escuela)\r\nEstar presentes antes de los 12 años (por lo menos algunos de los síntomas)\r\nInterferir con el funcionamiento en el hogar, la escuela o el trabajo\r\nSíntomas de falta de atención:\r\n\r\nNo presta atención a los detalles o comete errores por descuido en las tareas escolares o en otras actividades\r\nTiene dificultad para mantener la atención en las tareas escolares o durante el juego\r\nNo parece escuchar cuando se le habla en forma directa\r\nNo sigue las instrucciones ni finaliza las tareas\r\nTiene dificultad para organizar tareas y actividades\r\nEvita, no le gusta o rehúsa intervenir en tareas que requieren un esfuerzo mental sostenido durante un período prolongado\r\nA menudo extravía objetos necesarios para tareas o actividades de la escuela\r\nSe distrae fácilmente\r\nEs olvidadizo en las actividades diarias\r\nSíntomas de hiperactividad e impulsividad:\r\n\r\nMueve continuamente las manos o los pies, o se retuerce\r\nAbandona a menudo su asiento en la clase o en otros lugares\r\nA menudo corre o trepa en exceso en sitios donde estas actividades resultan inapropiadas\r\nTiene dificultad para jugar tranquilamente\r\nSiempre está haciendo algo o actúa como si tuviera un motor\r\nHabla en exceso\r\nResponde antes de que se completen las preguntas\r\nTiene dificultad para aguardar su turno\r\nInterrumpe a los demás o se entromete en sus actividades\r\nEl diagnóstico del tipo con predominio de déficit de atención exige ≥ 6 signos y síntomas de falta de atención. El diagnóstico del tipo hiperactivo-impulsivo exige ≥ 6 signos y síntomas de hiperactividad e impulsividad. El diagnóstico del tipo combinado exige ≥ 6 signos y síntomas cada uno de falta de atención e hiperactividad-impulsividad.\r\n\r\nOtras consideraciones diagnósticas\r\nLa diferenciación entre TDAH y otros cuadros puede ser difícil. Debe evitarse el sobrediagnóstico, y es preciso identificar con exactitud otros trastornos. Muchos signos de TDAH expresados durante los años preescolares también podrían indicar problemas de comunicación que pueden aparecer en otros trastornos del desarrollo (p. ej., trastornos del espectro autista) o en ciertos trastornos de aprendizaje, ansiedad, depresión o conductuales (p. ej., trastorno de conducta).\r\n\r\nLos médicos deben considerar si el niño es distraído por factores externos (es decir, factores ambientales) o internos (es decir, pensamientos, ansiedades, preocupaciones). Sin embargo, durante etapas más tardías de la infancia, los signos de TDAH se tornan más definidos desde el punto de vista cualitativo; los niños con el tipo hiperactivo-impulsivo o el tipo combinado suelen presentar movimiento continuo de los miembros inferiores, ausencia de persistencia motora (p. ej., movimiento sin objetivo y movimientos constantes de las manos), habla impulsiva y una aparente falta de conciencia de su entorno. Los niños con el tipo predominantemente de falta de atención pueden no tener signos físicos.\r\n\r\nLa evaluación médica se centra en identificar cuadros potencialmente tratables que pueden contribuir a los síntomas y signos o agravarlos. La evaluación debe incluir la búsqueda de antecedentes de exposición prenatal (p. ej., drogas, alcohol, tabaco), complicaciones o infecciones perinatales, infecciones del sistema nervioso central, lesión cerebral traumática, enfermedad cardíaca, trastornos respiratorios del sueño, falta de apetito y/o mala voluntad para comer y antecedentes familiares de TDAH.\r\n\r\nLa evaluación del desarrollo se centra en determinar el comienzo y la evolución de los signos y síntomas. La evaluación incluye la comprobación de los hitos del desarrollo, en particular los hitos del lenguaje y el uso de escalas de calificación de TDAH-específica (p. ej., la Vanderbilt Assessment Scale, la Conners Comprehensive Behavior Rating Scale, la ADHD Rating Scale-IV). Las versiones de estas escalas están disponibles tanto para las familias como para el personal de la escuela, lo que permite la evaluación a través de diferentes situaciones según los criterios del DSM-5. Tenga en cuenta que las escalas no deben usarse solas para hacer un diagnóstico.\r\n\r\nLa evaluación educativa se centra en documentar los signos y síntomas centrales; puede implicar la revisión de registros educacionales y el empleo de escalas de valoración o listas de verificación. Sin embargo, las escalas de valoración y las listas de verificación solas a menudo no permiten distinguir el TDAH de otros trastornos del desarrollo y conductuales.\r\n\r\nPronóstico del TDAH\r\nLas aulas y las actividades académicas tradicionales suelen exacerbar los signos y síntomas en los niños con TDAH no tratado o inadecuadamente tratado. Los problemas de adaptación social y emocional pueden ser persistentes. La escasa aceptación por los compañeros y la soledad tienden a aumentar con la edad y con la manifestación evidente de los síntomas. Puede ocurrir un abuso de sustancias si el TDAH no se identifica y se trata de forma adecuada, ya que muchos adolescentes y adultos con TDAH se automedican tanto con sustancias legales (p. ej., la cafeína) e ilegales (p. ej., la cocaína, anfetaminas).\r\n\r\nSi bien los signos y síntomas de hiperactividad tienden a disminuir con la edad, los adolescentes y adultos pueden presentar dificultades residuales. Los factores predictivos de mal pronóstico en la adolescencia y la adultez son los siguientes:\r\n\r\nEscasa inteligencia coexistente\r\nAgresividad\r\nProblemas sociales e interpersonales\r\nPsicopatología parental\r\nEn la adolescencia y la adultez, los problemas se manifiestan predominantemente por fracaso académico, escasa autoestima y dificultad para aprender una conducta social adecuada. Los adolescentes y adultos que presentan predominantemente TDAH impulsivo pueden tener mayor incidencia de trastornos de los rasgos de personalidad y conducta antisocial; muchos siguen mostrando impulsividad, inquietud y malas aptitudes sociales. Las personas con TDAH parecen ajustarse mejor al trabajo que a las situaciones académicas y domésticas, sobre todo si pueden encontrar trabajos cuya realización no requiera una atención intensa.\r\n\r\nTratamiento del TDAH\r\nTerapia conductista\r\nFarmacoterapia, en forma típica con estimulantes, como metilfenidato o dextroanfetamina (en preparados de corta duración y de larga duración)\r\nEstudios aleatorizados, controlados, muestran que la terapia conductual sola es menos eficaz que el tratamiento con fármacos estimulantes solo en los niños de edad escolar, pero se recomienda la terapia conductual o combinada en los niños más pequeños. Si bien la farmacoterapia no corrige las diferencias neurofisiológicas de base de los pacientes con TDAH, los fármacos son eficaces para aliviar los síntomas y permiten la participación en actividades antes inaccesibles por la escasa atención e impulsividad. Los fármacos suelen interrumpir el ciclo de conducta inapropiada, lo que potencia las intervenciones conductuales y académicas, la motivación y la autoestina.\r\n\r\nEl tratamiento de TDAH en adultos sigue principios similares, pero la selección y la dosificación de los fármacos son individualizadas según otros cuadros médicos.\r\n\r\nDrogas estimulantes\r\nLos preparados estimulantes que incluyen el metilfenidato o sales de anfetamina son los más utilizados. La respuesta es muy variable, y la dosificación depende de la gravedad de la conducta y la capacidad del niño para tolerar el fármaco. La dosificación se ajusta en frecuencia y cantidad hasta alcanzar la equilibrio óptimo entre la respuesta y los efectos adversos.\r\n\r\nPor lo general, el metilfenidato se inicia a razón de 0,3 mg/kg por vía oral 1 vez al día (forma de liberación inmediata) y se aumenta la frecuencia semanalmente, en general hasta alrededor de 2 a 3 veces al día o cada 4 horas durante las horas de vigilia; muchos médicos intentan usar una dosificación a la mañana y al mediodía. Si la respuesta es inadecuada pero el fármaco es tolerado, puede aumentarse la dosis. La mayoría de los niños llegan a un equilibrio óptimo entre beneficios y efectos adversos con dosis individuales de 0,3 a 0,6 mg/kg. El isómero dextro del metilfenidato es la fracción activa y está disponible para la prescripción de media dosis.\r\n\r\nLa dextroanfetamina suele iniciarse (a menudo en combinación con anfetamina racémica) en dosis de 0,15 a 0,2 mg/kg por vía oral 1 vez al día, que después es posible aumentar a 2 o 3 veces al día, o cada 4 horas durante las horas de vigilia. En general, son eficaces dosis individuales de 0,15 a 0,4 mg/kg. La titulación de la dosis debe equilibrar la eficacia con los efectos adversos; las dosis reales varían significativamente entre los individuos, pero, en general, las dosis más altas aumentan la probabilidad de efectos adversos inaceptables. Por lo general, las dosis de dextroanfetamina son alrededor de dos tercios de las de metilfenidato.\r\n\r\nUna vez que se alcanza una dosis óptima de metilfenidato o dextroanfetamina, suele sutituirse por una dosis equivalente del mismo fármaco en una forma de liberación sostenida para evitar la administración en la escuela. Los preparados de acción prolongada son comprimidos con matriz de cera de liberación lenta, cápsulas bifásicas que contienen el equivalente de 2 dosis y píldoras de liberación osmótica y parches transdérmicos que ofrecen 12 h de cobertura. Ya están disponibles preparaciones líquidas tanto de acción corta y de acción prolongada. Las preparaciones dextro puras (p. ej., dextrometilfenidato) se utilizan a menudo para reducir al mínimo los efectos adversos, tales como la ansiedad; las dosis son típicamente la mitad de las preparaciones mixtas. Las preparaciones de profármacos también se utilizan a veces debido a su liberación más suave, mayor duración de acción, menos efectos adversos, y menor potencial de abuso. A menudo, el aprendizaje mejora con dosis bajas, pero la mejoría de la conducta suele requerir dosis más altas.\r\n\r\nLos esquemas de dosificación de fármacos estimulantes pueden ajustarse para cubrir días y horarios específicos (p. ej., durante las horas de escuela, mientras se realiza la tarea para el hogar). Puede intentarse suprimir la medicación los fines de semanas, los feriados o durante las vacaciones de verano. Se recomiendan períodos de placebo (durante 5-10 días escolares para garantizar la fiabilidad de las observaciones) a fin de determinar si los fármacos todavía son necesarios.\r\n\r\nLos efectos adversos comunes de los fármacos estimulantes son\r\n\r\nAlteraciones del sueño (p. ej., insomnio)\r\nCefalea\r\nDolor de estómago\r\nSupresión del apetito\r\nTaquicardia e hiperpresión arterial\r\nLa depresión es un efecto adverso menos frecuente y a menudo puede representar una incapacidad para cambiar fácilmente el foco de concentración (enfoque excesivo). Esto puede manifestarse como una conducta \"apagada\" (a veces descrita por las familias como una especie de zombie) en lugar de una depresión infantil con manifestaciones clínicas habituales. De hecho, los fármacos estimulantes a veces se utilizan como tratamiento adyuvante para la depresión. Un comportamiento \"apagado\" a veces puede tratarse reduciendo la dosis del fármaco estimulante o con un fármaco diferente.\r\n\r\nLos estudios han demostrado que el crecimiento de la talla disminuye después de 2 años de uso de drogas estimulantes, y la desaceleración aparentemente persiste hasta la edad adulta con el uso continuo de drogas estimulantes en forma crónica.\r\n\r\nFármacos no estimulantes\r\nTambién se usa la atomoxetina, un inhibidor selectivo de la recaptación de la noradrenalina. El fármaco es eficaz, pero los datos respecto de su eficacia en comparación con los estimulantes son variables. Algunos niños tienen náuseas, sedación, irritabilidad y berrinches; rara vez, se observa hepatotoxicidad e ideación suicida. Una dosis inicial típica es de 0,5 mg/kg por vía oral 1 vez al día, titulada semanalmente a 1,2-1,4 mg/kg 1 vez al día. La semivida prolongada permite la dosificación 1 vez al día, pero requiere administración continua para ser eficaz. La dosificación diaria máxima recomendada es de 100 mg.\r\n\r\nAntidepresivos selectivos inhibidores de la recaptación de noradrenalina como bupropión y venlafaxina, alfa-2 agonistas como clonidina y guanfacina y otros fármacos psicoactivos en casos de ineficacia de los fármacos estimulantes o de efectos colaterales inaceptables, pero son menos eficaces y no son recomendados como de primera línea. A veces, estos fármacos se utilizan en combinación con estimulantes para lograr efectos sinérgicos; es esencial el control estricto para detectar efectos adversos.\r\n\r\nLas interacciones adversas con medicamentos son una preocupación durante el tratamiento del TDAH. Los fármacos que inhiben la enzima metabólica CYP2D6, incluidos ciertos inhibidores selectivos de la recaptación de serotonina (ISRS) que a veces se utilizan en pacientes con TDAH, pueden aumentar el efecto de los fármacos estimulantes. La revisión de las posibles interacciones farmacológicas (en general utilizando un programa computarizado) es una parte importante del tratamiento farmacológico de los pacientes con TDAH.\r\n\r\nIntervención conductual\r\nEl asesoramiento, incluida terapia cognitiva-conductista (p. ej., fijación de objetivos, autocontrol, adopción de modelos, juego de roles), suele ser eficaz y ayuda a los niños a comprender el TDAH y cómo adaptarse a él. Son esenciales la estructura y las rutinas.\r\n\r\nLa conducta en el aula suele mejorar con un control ambiental del ruido y la estimulación visual, la duración adecuada de las tareas, la novedad, la orientación y la proximidad del maestro.\r\n\r\nCuando persisten las dificultades en el hogar, debe recomendarse a los padres que busquen asistencia profesional adicional y capacitación en técnicas de intervención conductual. Agregar incentivos y recompensas simbólicas refuerza la intervención conductual y suele ser eficaz. Los niños con TDAH en quienes predominan la hiperactividad y el escaso control de los impulsos suelen mejorar en el hogar cuando se establecen estructuras, técnicas de crianza consistentes y límites bien definidos.\r\n\r\nLas dietas de eliminación, los tratamientos con megavitaminas, el uso de antioxidantes u otros compuestos y las intervenciones nutricionales y bioquímicas han tenido efectos menos uniformes. La biorretroalimentación puede ser útil en algunos casos, pero no se recomienda de manera sistemática, ya que no hay evidencia de beneficio sostenido.\r\n\r\nConceptos clave ',	'./audios/audio.wav',	'2023-03-18'),
(20230750004,	20230750004,	'Los síntomas psicóticos incluyen:  Alucinaciones: cuando una\r\npersona ve, oye, huele, saborea o siente cosas que no son\r\nreales. Los síntomas de la esquizofrenia pueden ser\r\ndiferentes entre una persona y otra, pero generalmente se\r\ndividen en tres categorías principales: psicóticos,\r\nnegativos y cognitivos. Las personas con esquizofrenia\r\npueden parecer como si hubieran perdido el contacto con la\r\nrealidad, lo que puede ser angustioso para ellas, sus\r\nfamiliares y amigos. Los síntomas cognitivos incluyen:\r\nproblemas para procesar la información para la toma de\r\ndecisiones, problemas para usar la información\r\ninmediatamente después de aprenderla, dificultad para\r\nconcentrarse o prestar atención. Por lo general, las\r\npersonas con esquizofrenia son diagnosticadas entre los 16 y\r\nlos 30 años, después de un primer episodio de psicosis.',	'La esquizofrenia\r\n¿Qué es la esquizofrenia?\r\nLa esquizofrenia es una enfermedad mental grave que afecta la forma en que una persona piensa, siente y se comporta. Las personas con esquizofrenia pueden parecer como si hubieran perdido el contacto con la realidad, lo que puede ser angustioso para ellas, sus familiares y amigos. Los síntomas de la esquizofrenia pueden dificultar la participación en las actividades cotidianas o habituales, pero existen tratamientos eficaces. Muchas personas que reciben tratamiento pueden participar en la escuela o el trabajo, lograr su independencia y disfrutar de las relaciones personales.\r\n\r\n¿Cuáles son los síntomas de la esquizofrenia?\r\nEs importante reconocer los síntomas de la esquizofrenia y buscar ayuda lo antes posible. Por lo general, las personas con esquizofrenia son diagnosticadas entre los 16 y los 30 años, después de un primer episodio de psicosis. Comenzar el tratamiento lo antes posible después de este primer episodio es un paso importante hacia la recuperación. Sin embargo, hay investigaciones que muestran que los cambios graduales en el pensamiento, el estado de ánimo y el funcionamiento social a menudo aparecen antes del primer episodio de psicosis. La esquizofrenia no es frecuente en los niños pequeños.\r\n\r\nLos síntomas de la esquizofrenia pueden ser diferentes entre una persona y otra, pero generalmente se dividen en tres categorías principales: psicóticos, negativos y cognitivos.\r\n\r\nSíntomas psicóticos\r\nLos síntomas psicóticos incluyen cambios en la forma en que una persona piensa, actúa y percibe el mundo. Las personas con síntomas psicóticos pueden perder el sentido compartido de la realidad con los demás y ver el mundo de una manera distorsionada. Para algunas personas, estos síntomas aparecen y desaparecen. Para otras, los síntomas se estabilizan con el tiempo. Los síntomas psicóticos incluyen:\r\n\r\nAlucinaciones: cuando una persona ve, oye, huele, saborea o siente cosas que no son reales. Muchas personas que tienen este trastorno oyen voces. Las personas que oyen voces pueden haber estado escuchándolas durante mucho tiempo antes de que sus familiares y amigos se den cuenta de que tienen un problema.\r\nDelirios: cuando una persona tiene creencias fuertes que no son ciertas y pueden parecer irracionales a los demás. Por ejemplo, las personas que experimentan delirios pueden creer que aquellos que salen en la radio y la televisión están enviando mensajes especiales que requieren una determinada respuesta, o pueden creer que están en peligro o que otros están tratando de lastimarlos.\r\nTrastorno del pensamiento: cuando una persona tiene formas de pensar inusuales o ilógicas. Las personas con trastorno del pensamiento pueden tener problemas para organizar sus ideas y el habla. A veces, una persona deja de hablar en medio de un pensamiento, pasa de un tema a otro o inventa palabras sin sentido.\r\nTrastornos del movimiento: cuando una persona presenta movimientos corporales anormales. Las personas con estos trastornos pueden repetir ciertos movimientos una y otra vez.\r\nSíntomas negativos\r\nLos síntomas negativos incluyen la pérdida de motivación, de interés o del disfrute de las actividades diarias, así como alejamiento de la vida social, dificultad para mostrar emociones y problemas para funcionar normalmente. Entre los síntomas negativos se encuentran:\r\n\r\nTener problemas para planificar y ceñirse a las actividades, como ir de compras.\r\nTener dificultad para prever y sentir placer en la vida cotidiana.\r\nHablar con voz apagada y mostrar una expresión facial limitada.\r\nEvitar la interacción social o interactuar de manera socialmente incómoda.\r\nTener muy poca energía y dedicar mucho tiempo a actividades pasivas. En casos extremos, una persona puede dejar de moverse o hablar por un tiempo, lo que es una condición poco común llamada catatonia.\r\nA veces, estos síntomas se confunden con los de la depresión u otras enfermedades mentales.\r\n\r\nSíntomas cognitivos\r\nLos síntomas cognitivos incluyen problemas de atención, concentración y memoria. Estos síntomas pueden dificultar el seguimiento de una conversación, aprender cosas nuevas o recordar citas. El nivel de funcionamiento cognitivo de una persona es uno de los mejores predictores de su funcionamiento diario. El funcionamiento cognitivo se evalúa mediante pruebas específicas. Los síntomas cognitivos incluyen:\r\n\r\nproblemas para procesar la información para la toma de decisiones,\r\nproblemas para usar la información inmediatamente después de aprenderla,\r\ndificultad para concentrarse o prestar atención.\r\nRiesgo de violencia\r\nLa mayoría de las personas con esquizofrenia no son violentas. En general, estas personas tienen más probabilidad de que otros les hagan daño que las que no tienen la enfermedad. Para las personas con esquizofrenia, el riesgo de hacerse daño o de violencia hacia los demás es mayor cuando la enfermedad no se trata. Es importante ayudar a las personas que presentan síntomas para que reciban tratamiento lo antes posible.\r\n\r\nLa esquizofrenia frente al trastorno de identidad disociativo\r\nAunque, a primera vista, algunos de los signos pueden parecer similares, la esquizofrenia no es un trastorno de identidad disociativo (que antes se llamaba trastorno de personalidad múltiple o personalidad dividida). Las personas con trastorno de identidad disociativo tienen dos o más identidades distintas que están presentes y que se alternan para tomar el control de ellas.\r\n\r\n¿Qué causa la esquizofrenia?\r\nVarios factores pueden contribuir al riesgo de que una persona presente esquizofrenia, entre ellos:\r\n\r\nGenética. A veces, la esquizofrenia es hereditaria. Sin embargo, solo porque alguien en una familia tiene esquizofrenia, no significa que otros miembros de esta también la tendrán. Diversos estudios sugieren que hay muchos genes diferentes que pueden aumentar la probabilidad de que una persona desarrolle esquizofrenia, pero ningún gen por sí mismo causa el trastorno.\r\nAmbiente. Las investigaciones sugieren que una combinación de factores genéticos, aspectos del entorno y las experiencias de vida de una persona pueden desempeñar una función en el desarrollo de la esquizofrenia. Estos factores ambientales pueden incluir vivir en la pobreza, entornos estresantes o peligrosos y exposición a virus o problemas nutricionales antes del nacimiento.\r\nEstructura y función del cerebro. Hay investigaciones que muestran que es más probable que las personas con esquizofrenia tengan diferencias en el tamaño de ciertas áreas del cerebro y en las conexiones entre las áreas que lo conforman. Algunas de estas diferencias cerebrales pueden desarrollarse antes del nacimiento. Los investigadores están trabajando para comprender mejor cómo la estructura y función del cerebro pueden relacionarse con la esquizofrenia.\r\n¿Cómo se trata la esquizofrenia?\r\nLos tratamientos actuales para la esquizofrenia se centran en ayudar a las personas a controlar sus síntomas, mejorar su funcionamiento diario y lograr metas personales en la vida, como completar su educación, dedicarse a una carrera y tener relaciones satisfactorias.\r\n\r\nMedicamentos antipsicóticos\r\nLos medicamentos antipsicóticos pueden ayudar a que los síntomas psicóticos sean menos intensos y menos frecuentes. Por lo general, estos medicamentos se toman todos los días en forma de pastilla o líquido. Algunos medicamentos antipsicóticos se administran mediante inyecciones una o dos veces al mes.\r\n\r\nSi los síntomas de una persona no mejoran con los medicamentos antipsicóticos habituales, se le puede recetar clozapina. Las personas que toman clozapina deben someterse a análisis de sangre periódicos para detectar un efecto secundario potencialmente peligroso que ocurre en entre el 1% y el 2% de los pacientes.\r\n\r\nLas personas responden a los medicamentos antipsicóticos de diferentes formas. Es importante informar sobre cualquier efecto secundario a un proveedor de atención médica. Muchas personas que toman medicamentos antipsicóticos tienen efectos secundarios como aumento de peso, boca seca, inquietud y somnolencia cuando comienzan a tomar estos medicamentos. Algunos de estos efectos secundarios pueden desaparecer con el tiempo, mientras que otros permanecen.\r\n\r\nNo debe dejar de tomar un medicamento sin hablar primero con médico u otro proveedor de atención médica. Su proveedor de atención médica trabajará con usted para ajustar su plan de tratamiento de una manera segura y eficaz. Algunas personas pueden necesitar probar varios medicamentos antes de encontrar el que mejor les funcione, por lo que es importante continuar con el tratamiento y mantener la esperanza.\r\n\r\nPuede encontrar la información más reciente sobre advertencias, guías de medicamentos para pacientes o medicamentos aprobados recientemente en el sitio web en inglés de la Administración de Drogas y Alimentos de los Estados Unidos (FDA, por sus siglas en inglés).\r\n\r\nTratamientos psicosociales\r\nLos tratamientos psicosociales ayudan a las personas a encontrar soluciones a los retos cotidianos y a controlar los síntomas mientras asisten a la escuela, trabajan o establecen relaciones. A menudo, estos tratamientos se usan junto con medicamentos antipsicóticos. Las personas que reciben con regularidad tratamiento psicosocial tienen menos probabilidad de que los síntomas reaparezcan o de ser hospitalizadas.\r\n\r\nAlgunos ejemplos de este tipo de tratamiento incluyen terapia cognitivo-conductual, capacitación en habilidades conductuales, empleo con apoyo e intervenciones de rehabilitación cognitiva.\r\n\r\nPuede encontrar información en inglés sobre tratamientos psicosociales en la página web del Instituto Nacional de la Salud Mental (NIMH, por sus siglas en inglés) sobre las psicoterapias.\r\n\r\nEducación y apoyo familiar\r\nLos programas educativos pueden ayudar a familiares y amigos a conocer los síntomas de la esquizofrenia, las opciones de tratamiento y las estrategias para ayudar a los seres queridos con la enfermedad. Estos programas pueden ayudar a los amigos y familiares a controlar su angustia, mejorar sus propias habilidades de afrontamiento y fortalecer su capacidad para brindar apoyo.\r\n\r\nAtención especializada coordinada\r\nLos programas de atención especializada coordinada (también conocida como CSC, por sus siglas en inglés) son programas centrados en la recuperación de personas con un primer episodio de psicosis, una etapa temprana de la esquizofrenia. Los profesionales y los especialistas de la salud trabajan juntos como equipo para brindar esta atención coordinada, que incluye psicoterapia, medicamentos, gestión de casos, apoyo laboral y educativo, y educación y apoyo familiar. El equipo de tratamiento trabaja en colaboración con el paciente para tomar decisiones sobre el tratamiento, haciendo partícipes en la medida de lo posible a los miembros de la familia.\r\n\r\nEn comparación con la atención regular, la atención especializada coordinada es más eficaz para reducir los síntomas, mejorar la calidad de vida y aumentar el grado de participación en el trabajo o la escuela.\r\n\r\nTratamiento comunitario asertivo\r\nEl tratamiento comunitario asertivo está diseñado para ayudar a las personas con esquizofrenia que probablemente serán hospitalizadas en varias ocasiones o se quedarán sin hogar. Por lo general, este tipo de tratamiento lo ofrece un equipo de profesionales de la salud y especialistas que trabajan juntos para brindar atención a los pacientes en la comunidad.\r\n\r\nTratamiento para el consumo de drogas y alcoholismo \r\nCon frecuencia, las personas con esquizofrenia tienen problemas de drogas y alcohol. Un programa de tratamiento que incluya tanto el tratamiento para la esquizofrenia como para el consumo de drogas y alcohol es importante para la recuperación, ya que el consumo de sustancias puede interferir con el tratamiento de la esquizofrenia.\r\n\r\n¿Cómo puedo encontrar ayuda?\r\nSi no sabe dónde obtener ayuda, puede comenzar con su médico u otro proveedor de atención médica. Ellos pueden referirlo a un profesional apto de salud mental, como un psiquiatra o un psicólogo que tenga experiencia en el tratamiento de la esquizofrenia. Puede obtener más información sobre cómo obtener ayuda en la página web del NIMH para enfermedades mentales.\r\n\r\nLa Administración de Servicios de Abuso de Sustancias y Salud Mental (SAMHSA, por sus siglas en inglés) ofrece una herramienta en línea para encontrar tratamientos y programas para la salud mental cerca de donde usted vive. Puede encontrar información en inglés sobre lugares que ofrecen atención especializada coordinada usando el localizador de tratamientos de SAMHSA para enfermedades mentales graves en una etapa temprana.\r\n\r\nPara obtener consejos sobre cómo hablar con su médico sobre su salud mental y así aprovechar al máximo su visita, lea la hoja informativa del NIMH “Tome control de su salud mental: Consejos para hablar con su proveedor de atención médica”.\r\n\r\n¿Cómo puedo ayudar a un familiar o amigo familiar que tiene esquizofrenia?\r\nPuede ser difícil saber cómo se puede ayudar a alguien que está con psicosis. A continuación, le damos algunos consejos de lo que puede hacer:\r\n\r\nAyúdele a recibir tratamiento y anímelo a permanecer en tratamiento.\r\nRecuerde que sus creencias o alucinaciones le parecen muy reales.\r\nSea respetuoso, comprensivo y amable, pero sin tolerar comportamientos peligrosos o inapropiados.\r\nBusque grupos de apoyo y programas de educación familiar, como los que ofrece la Alianza Nacional de Enfermedades Mentales (en inglés).\r\nSi un ser querido está pensando en suicidarse o hacerse daño de alguna otra manera, ya sea a sí mismo o a otros, busque ayuda de inmediato.\r\n\r\nLlame al 911 o vaya a la sala de emergencias más cercana.\r\nLlame gratis a Lifeline, la Línea Nacional de Prevención del Suicidio al 1–888–628–9454.\r\nEnvíe un mensaje de texto en inglés a la Línea de Mensajes de Texto en Tiempos de Crisis (HELLO al 741741).\r\n¿Qué debo saber sobre los ensayos clínicos?\r\nLos ensayos clínicos son estudios de investigación que analizan nuevas formas de prevenir, detectar o tratar enfermedades y trastornos. Aunque las personas pueden beneficiarse de formar parte de un ensayo clínico, los participantes deben ser conscientes de que el objetivo principal de un ensayo clínico es obtener nuevos conocimientos científicos para que otros puedan recibir una mejor ayuda en el futuro.',	'./audios/audio.wav',	'2023-03-25'),
(20230750005,	20230750005,	'Presencia de otras enfermedades tales como Alzheimer,\r\ncáncer, diabetes, afecciones al corazón, desórdenes\r\nhormonales, mal de Parkinson o trombosis. Otras veces,\r\ncreemos que los síntomas de la depresión desaparecerán con\r\nel tiempo, por sí solos, \"si ponemos de nuestra parte\". La\r\ndepresión nos puede provocar deseos de alejarnos de nuestra\r\nfamilia, amigos, trabajo, y escuela. Sin embargo, cuando los\r\nhispanos/latinos experimentamos problemas de salud mental,\r\ndebemos afrontar además de nuestra enfermedad, numerosas\r\nbarreras para recibir cuidados y tratamiento adecuados.\r\nPuede además causarnos ansiedad, pérdida del sueño, del\r\napetito, y falta de interés o placer en realizar diferentes\r\nactividades.',	'¿Qué Es La Depresión?\r\nLa depresión clínica, es una enfermedad grave y común que nos afecta física y mentalmente en nuestro modo de sentir y de pensar. La depresión nos puede provocar deseos de alejarnos de nuestra familia, amigos, trabajo, y escuela. Puede además causarnos ansiedad, pérdida del sueño, del apetito, y falta de interés o placer en realizar diferentes actividades.\r\n\r\n“Juan y yo habíamos imaginado durante mucho tiempo planes maravillosos para visitar a nuestras familias y volver a ver a nuestros amigos. Sin embargo, en ese momento hacer un viaje, era la última cosa que yo quería hacer. ¡Me sentía tan cansada! Algunas mañanas ni siquiera podía levantarme de la cama”.\r\n\r\n“Me despertaba todas las noches antes del amanecer. Me preocupaba por mi bebé, por mi mamá, por mi trabajo. Luego, cuando logré conseguir uno, ni siquiera podía concentrarme en lo que estaba haciendo”.\r\n\r\n“Mi familia y mis amigos se dieron cuenta que \"yo ya no era el mismo\". No podía disfrutar de las cosas que me gustaban, como el baile, ver una película, e incluso hacer el amor. ¡No entendía qué me estaba pasando, y me preocupaba pensar que me sentiría así para siempre!”\r\n\r\n“Tenía problemas enormes para dormir, no hacía bien mi trabajo, le perdí el gusto a las comidas”.\r\n\r\n“Después de dar a luz a mi bebé, pensé que estaría feliz, pero me sentía cada vez peor. Estaba muy triste, me sentía culpable de no disfrutar de mi nuevo bebé”.\r\n\r\n¿Es esto lo que le está pasando a usted?\r\n\r\n¿Le está sucediendo a alguien que usted conoce?\r\n\r\n¿Sabía que todas estas personas podrían estar experimentando una depresión clínica?\r\n\r\nCasi todos nosotros hemos sentido alguna vez, una inmensa tristeza en nuestras vidas. Esto es normal. Pero si esta tristeza o actitud depresiva continúa por mas de dos semanas, se debe buscar ayuda. Sentir tristeza es normal, estar deprimido clínicamente no lo es.\r\n\r\nLa depresión clínica no es simplemente una angustia, es también una tristeza o melancolía permanente. Nos lleva a sentir inútiles, sin esperanza; a veces, es posible que nos querramos dar por vencidos. La depresión clínica causa pérdida del placer en la vida diaria, tensión en el trabajo y en las relaciones, agrava condiciones médicas e incluso puede llevarle al suicidio.\r\n\r\nCon ayuda esa nube oscura desaparecerá y volverá a ver el cielo azul. El sol puede y debe brillar de nuevo para usted.\r\n\r\nLa depresión es una enfermedad tratable. Con ayuda y apoyo se puede curar.\r\n\r\nLa depresión clínica puede ser tratada.\r\n\r\nPodemos volver a tomar el control de nuestras vidas. No necesitamos vivir sintiéndonos ansiosos, tristes e irritables. ¡Tampoco necesitamos pasar noches en vela!\r\n\r\nCualquier persona que experimente síntomas depresivos debe ser diagnosticada y tratada.\r\n\r\nExisten diferentes maneras de controlar las diferentes formas de depresión. La más común, pero la más severa es la depresión clínica. En este folleto nos dedicamos a explicarle sobre la depresión clínica.\r\n\r\nDiagnóstico\r\n\r\n¿A quién le puede afectar la depresión clínica?\r\n\r\nPuede afectar a cualquier persona, de cualquier nivel económico y en cualquier edad. ¡Las enfermedades mentales no discriminan! Afectan a ricos y pobres, blancos y negros, hispano/latinos y asiáticos, ancianos y niños.\r\n\r\nSin embargo, cuando los hispanos/latinos experimentamos problemas de salud mental, debemos afrontar además de nuestra enfermedad, numerosas barreras para recibir cuidados y tratamiento adecuados. Entre las barreras más comunes se encuentran las diferencias socio-económicas, la desigualdad en el acceso de cobertura en salud, la falta de sensibilidad sociocultural en la relación paciente — proveedor, y la falta de seguro de salud.\r\n\r\nPor eso es importante que estemos bien informados sobre nuestros derechos de ser respetados y atendidos con dignidad y libres de prejuicios o estigmas.\r\n\r\n¿Cuáles son los factores que contribuyen a la depresión clínica?\r\n\r\nLas razones para caer en un estado depresivo son muy variadas. Algunas personas caen en depresión clínica cuando experimentan un acontecimiento emotivo en sus vidas, por ejemplo, cuando perdemos el trabajo o terminamos una relación amorosa importante.\r\n\r\nA otras personas les puede afectar como resultado de una suma de factores y acontecimientos: Cuando migramos y dejamos atrás en nuestro país nuestra familia y amigos más queridos; cuando sentimos falta de habilidad para comunicarnos; cuando nos resulta difícil entender e integrarnos a una nueva cultura. Sin embargo, hay gente que puede llegar a sentirse deprimida sin ninguna advertencia previa.\r\n\r\nAlgunos factoresque pueden contribuir a la depresión clínica son entre otros:\r\n\r\n \r\n\r\nSexo, las mujeres sufren dos veces más de depresión que los hombres. Aunque las razones no son claras, existen diferencias genéticas y hormonales que pueden contribuir a la depresión.\r\nAntecedentes familiares, cuando algún miembro de su familia padece de depresión severa, hay el doble de posibilidades para adquirirla. Aunque puede ocurrir en personas que no tienen parientes con depresión.\r\nUso de ciertas medicinas, algunos medicamentos con o sin receta médica pueden causar depresión clínica. \r\nCambios o dificultades en la vida, tales como divorcio, jubilación, la muerte de un ser querido, pérdida del trabajo, cambio de país y estilo de vida, crecientes presiones en el trabajo o incremento en la pobreza.\r\nSentimientos de pérdida de control sobre nuestras vidas. Aquellas personas a menudo sienten que perdieron el control y pasan mucho tiempo lamentándose por ello, tienen mayor probabilidad de desarrollar una depresión mayor.\r\nPresencia de otras enfermedades tales como Alzheimer, cáncer, diabetes, afecciones al corazón, desórdenes hormonales, mal de Parkinson o trombosis. Así como también otros trastornos mentales como la ansiedad y trastornos de la alimentación.\r\nAbuso del alcohol o drogas, cuando se tiene problemas de consumo de alcohol y otras drogas se tiene mayor probabilidad de desarrollar una depresión mayor.\r\n \r\n\r\nSi sospecha que está sufriendo de depresión, complete el siguiente cuestionario. Este ejercicio le ayudará a identificarla. Para ello tenga en cuenta las siguientes pautas:\r\n\r\nPiense acerca de lo que está sintiendo. Defina cuál es el síntoma más cercano a lo que usted siente. Conteste honestamente a cada una de las preguntas. Marque sus respuestas en el cuadro al frente.\r\n\r\n¿Estoy triste o enfermo de depresión?\r\n¿Se siente triste, ansioso, o tiene un sentimiento de vacío permanente?\r\n¿Tiene sentimiento de culpa, no le encuentra sentido a su vida, o está desesperado?\r\n¿Tiene problemas para concentrarse, memorizar, o tomar decisiones?\r\n¿Se siente muy cansado, débil o sin energía?\r\n¿Tiene problemas para dormir, padece de insomnio o se da cuenta de que está durmiendo demasiado?\r\n¿Ha perdido el apetito y el interés en comer o por el contrario, encuentra que está comiendo todo el tiempo?\r\n¿Se siente irritado o desesperado?\r\n¿Tiene dolores y sufrimientos que no se alivian por más que lo ha intentado?\r\n¿Ha perdido interés en actividades que antes disfrutaba, incluyendo el sexo?\r\n¿Tiene sentimientos de culpa, desespero, abandono, pesimismo o desesperanza?\r\n¿Tiene pensamientos suicidas o de muerte? \r\nSíntomas\r\n\r\n¿Cuáles son los síntomas de la depresión clínica?\r\n\r\nExisten varios, sin embargo, no se presentan los síntomas de la misma manera en todas las personas. En algunas personas pueden aparecer sólo algunos, mientras que en otras pueden presentarse muchos de ellos.\r\n\r\nPida cita con su doctor de inmediato, si:\r\n\r\nHa tenido cinco o más de estos síntomas por más de dos semanas;\r\nLos síntomas están afectando su vida diaria;\r\nHa contemplado la posibilidad de suicidio.\r\nCuando vaya a ver a su médico, puede llevarle sus respuestas a este cuestionario. También puede pedir que le hagan una prueba sobre depresión. Estas pruebas están disponibles en todo el país, son gratis, rápidas y fáciles de hacer. Para hacerla no necesita dar su nombre, son confidenciales.\r\n\r\nNo se sienta avergonzado de buscar ayuda. Siempre es más saludable y recomendable hablar con alguien que tratar de buscar alivio en el alcohol o las drogas. Además esta práctica puede agravar más aún sus síntomas de depresión.\r\n\r\nEl tratamiento\r\n\r\n¿Cómo se trata la depresión?\r\n\r\nLas maneras más comunes de tratar la depresión clínica son suministrando medicamentos, psicoterapia, o una combinación de ambos. La elección del tratamiento depende de:\r\n\r\nla severidad de los síntomas,\r\nlos antecedentes de la enfermedad,\r\nla preferencia de la persona.\r\nLa depresión clínica es una de las enfermedades médicas más tratables. De cada 10 personas con depresión, más de ocho se sentirán mejor con ayuda profesional.\r\n\r\nMuchos hispano/latinos no buscamos ayuda para tratar la depresión. Creemos erróneamente que si lo hacemos podemos ser calificados como personas débiles o sin carácter. Otras veces, creemos que los síntomas de la depresión desaparecerán con el tiempo, por sí solos, \"si ponemos de nuestra parte\". Estas ideas son falsas. Cualquier persona que sufra de depresión, así como cualquier otra enfermedad grave, necesita ayuda profesional especializada. Los síntomas seguirán ahí, hasta tanto no se inicie el tratamiento; entre más pronto lo hagamos, más pronto nos empezaremos a sentir mejor.\r\n\r\nMedicamentos\r\n\r\nLos medicamentos comunes para el tratamiento de la depresión se llaman antidepresivos. Ellos restablecen el equilibrio químico normal de las partes del cerebro que tienen que ver con las emociones. Los antidepresivos no crean hábito, ni cambian nuestra personalidad. Ellos nos ayudan a tener un mejor estado de animo, así como a mejorar nuestros patrones de apetito y sueño.\r\n\r\nNormalmente los antidepresivos necesitan tiempo para que alcancen todo su potencial, es decir, no actúan sobre nuestro organismo de manera inmediata. Después de haber iniciado el tratamiento, comenzaremos a sentir mejor en 3 o 4 semanas. Algunas personas pueden tardar de 6 a 8 semanas antes de sentir su acción benéfica.\r\n\r\nPara recetarle el medicamento que más le convenga, su médico tendrá que observarlo y con su ayuda decidirá la cantidad que funciona mejor en su organismo. Por eso es importante que se comunique regularmente con él y que tome los medicamentos tal y como le indique. Progresivamente su doctor podrá sugerirle cambio en las dosis hasta lograr el tratamiento más adecuado para usted.\r\n\r\nAún cuando nos empecemos a sentir mejor, es muy importante que entendamos que debemos continuar tomando nuestros antidepresivos, por lo menos de 4 a 9 meses después de que los síntomas hayan mejorado.\r\n\r\nPsicoterapia\r\n\r\nPodemos elegir diferentes formas de psicoterapia, que incluye tratamiento individual, familiar o de grupo. Los psicólogos clínicos, psiquiatras, trabajadores sociales y consejeros están preparados para entender y ayudarle a manejar mejor sus problemas.\r\n\r\n“Para mí fue difícil tomar la decisión de ir a ver al Dr. García. Pero hablar con él me ayudó mucho. Escuchó mis problemas con mucha atención, nunca me hizo sentir avergonzado. Tampoco me criticó por sentirme como me sentía. Después de un tiempo, volví a tener optimismo acerca de mi futuro. Sin la terapia, no me imagino dónde estaría hoy.”\r\n\r\n“No quería ir a ver a un terapeuta, me sentía muy nerviosa. Además me parecía que no tenían derecho de enterarse de mis problemas. ¿Por qué hablar con un desconocido, si ni siquiera quería que se enterara mi mejor amiga? Sin embargo, con mi silencio las cosas no mejoraban. Por más que ponía todo mi empeño cada día me sentía más y más deprimida. Conseguí el nombre de una terapeuta en español y cerca de mi trabajo. Después de 3 meses de recibir ayuda de un consejero y tomar mis antidepresivos, empecé a ver luz al final del túnel. Todavía me siento muy orgullosa de mi misma, no sólo por haber superado mi desconfianza para pedir ayuda, sino por haber logrado dar el paso hacia mi mejoría”.\r\n\r\n“Despues de un mes de terapia y de tomar medicamentos, sentí esperanza de nuevo, me siento como antes. Mi familia está aliviada y contenta de verme así”.\r\n\r\nLos medicamentos y la terapia no funcionan para todos en la misma forma. Por esta razón, si no se siente mejor después de 6 u 8 semanas de haber empezado con su tratamiento, hable con su doctor. Quizá un cambio en la dosis de su medicamento o un cambio de terapeuta, puedan ayudarlo mejor.',	'./audios/audio.wav',	'2023-04-02'),
(20230750006,	20230750006,	'Su miedo puede ser por arañas, volar, ir a lugares\r\nconcurridos o estar en situaciones sociales (conocida como\r\nansiedad social) ¿Qué causa los trastornos de ansiedad? Por\r\nejemplo, el trastorno de ansiedad generalizada y las fobias\r\nson más comunes en las mujeres, pero la ansiedad social\r\nafecta a hombres y mujeres por igual. Para diagnosticar los\r\ntrastornos de ansiedad, su profesional de la salud le\r\npreguntará sobre sus síntomas e historial médico. Los\r\ntrastornos de ansiedad son afecciones en las que la ansiedad\r\nno desaparece y puede empeorar con el tiempo. Los síntomas\r\npueden interferir con las actividades diarias, como el\r\ndesempeño en el trabajo, la escuela y las relaciones entre\r\npersonas.',	'¿Qué es la ansiedad?\r\nLa ansiedad es un sentimiento de miedo, temor e inquietud. Puede hacer que sude, se sienta inquieto y tenso, y tener palpitaciones. Puede ser una reacción normal al estrés. Por ejemplo, puede sentirse ansioso cuando se enfrenta a un problema difícil en el trabajo, antes de tomar un examen o antes de tomar una decisión importante. Si bien la ansiedad puede ayudar a enfrentar una situación, además de darle un impulso de energía o ayudarle a concentrarse, para las personas con trastornos de ansiedad el miedo no es temporal y puede ser abrumadora.\r\n\r\n¿Qué son los trastornos de ansiedad?\r\nLos trastornos de ansiedad son afecciones en las que la ansiedad no desaparece y puede empeorar con el tiempo. Los síntomas pueden interferir con las actividades diarias, como el desempeño en el trabajo, la escuela y las relaciones entre personas.\r\n\r\n¿Cuáles son los tipos de trastornos de ansiedad?\r\nExisten varios tipos de trastornos de ansiedad, incluyendo:\r\n\r\nTrastorno de ansiedad generalizada: Las personas con este trastorno se preocupan por problemas comunes como la salud, el dinero, el trabajo y la familia. Pero sus preocupaciones son excesivas y las tienen casi todos los días durante al menos 6 meses\r\nTrastorno de pánico: Las personas con trastorno de pánico sufren de ataques de pánico. Estos son repentinos y repetidos momentos de miedo intenso sin haber un peligro aparente. Los ataques se producen rápidamente y pueden durar varios minutos o más\r\nFobias: Las personas con fobias tienen un miedo intenso a algo que representa poco o ningún peligro real. Su miedo puede ser por arañas, volar, ir a lugares concurridos o estar en situaciones sociales (conocida como ansiedad social)\r\n¿Qué causa los trastornos de ansiedad?\r\nNo se conoce la causa de la ansiedad. Factores como la genética, la biología y química del cerebro, el estrés y su entorno pueden tener un rol.\r\n\r\n¿Quién está en riesgo de tener trastornos de ansiedad?\r\nLos factores de riesgo para los diferentes tipos de trastornos de ansiedad pueden variar. Por ejemplo, el trastorno de ansiedad generalizada y las fobias son más comunes en las mujeres, pero la ansiedad social afecta a hombres y mujeres por igual. Existen algunos factores de riesgo generales para todos los tipos de trastornos de ansiedad, incluyendo:\r\n\r\nCiertos rasgos de personalidad, como ser tímido o retraído cuando está en situaciones nuevas o conoce personas nuevas\r\nEventos traumáticos en la primera infancia o la edad adulta\r\nAntecedentes familiares de ansiedad u otros trastornos mentales\r\nAlgunas afecciones de salud física, como problemas de tiroides o arritmia\r\n¿Cuáles son los síntomas de los trastornos de ansiedad?\r\nLos diferentes tipos de trastornos de ansiedad pueden tener síntomas diferentes. Pero todos muestran una combinación de:\r\n\r\nPensamientos o creencias ansiosos difíciles de controlar: Le hacen sentir inquieto y tenso e interfieren con su vida diaria. No desaparecen y pueden empeorar con el tiempo\r\nSíntomas físicos, como latidos cardíacos fuertes o rápidos, dolores y molestias inexplicables, mareos y falta de aire\r\nCambios en el comportamiento, como evitar las actividades cotidianas que solía hacer\r\nEl uso de cafeína, otras sustancias y ciertos medicamentos pueden empeorar sus síntomas.\r\n\r\n¿Cómo se diagnostican los trastornos de ansiedad?\r\nPara diagnosticar los trastornos de ansiedad, su profesional de la salud le preguntará sobre sus síntomas e historial médico. También es posible que le hagan un examen físico y pruebas de laboratorio para verificar que otro problema de salud no sea la causa de sus síntomas.\r\n\r\nSi no tiene otro problema de salud, recibirá una evaluación psicológica. Su proveedor puede hacerlo, o puede ser derivado a un profesional de salud mental para ello.\r\n\r\n¿Cuáles son los tratamientos para los trastornos de ansiedad?\r\nLos principales tratamientos para los trastornos de ansiedad son psicoterapia (terapia de conversación), medicamentos o ambos:\r\n\r\nLa terapia cognitiva conductual es un tipo de psicoterapia que a menudo se usa para tratar los trastornos de ansiedad. Enseña diferentes formas de pensar y comportarse. Puede ayudarle a cambiar cómo reacciona ante las cosas que le causan miedo y ansiedad. Puede incluir terapia de exposición, la que se enfoca en confrontar sus miedos para que pueda hacer las cosas que ha estado evitando\r\nLos medicamentos para tratar los trastornos de ansiedad incluyen medicamentos contra la ansiedad y ciertos antidepresivos. Algunos tipos de medicamentos pueden funcionar mejor para tipos específicos de trastornos de ansiedad. Debe comunicarse bien con su profesional de la salud para identificar qué medicamento es mejor para usted. Es posible que deba probar más de un medicamento antes de encontrar el correcto\r\nNIH: Instituto Nacional de la Salud Mental',	'./audios/audio.wav',	'2023-02-12'),
(20230750007,	20230750007,	'Estos sentimientos continuos de agotamiento pueden\r\nconducirte a otros problemas, como insomnio, debilidad del\r\nsistema inmunológico, una dieta deficiente, entre otros.\r\nAdemás, puede estar acompañada de sentimientos profundos de\r\ninseguridad, baja autoestima o ansiedad social.1  La soledad\r\ncontinua puede afectar incluso a la persona más sociable.\r\nEste tipo de soledad crónica o a largo plazo puede afectar,\r\ncon el tiempo, todas las áreas de tu vida. Estos\r\nsentimientos, a largo plazo, son posibles síntomas de la\r\nsoledad crónica. Si estás sufriendo sentimientos de soledad\r\nque no desaparecen, ten en cuenta estos consejos:  Habla con\r\ntu médico, terapeuta u otro profesional del cuidado de la\r\nsalud.',	'En algún momento de sus vidas, muchas personas pueden sufrir episodios cortos de soledad. Este tipo de sentimientos son generalmente cortos y no se consideran crónicos. Sin embargo, cuando los sentimientos de soledad y aislamiento empeoran y continúan a largo plazo, pueden presentarse síntomas y signos más graves para tener en cuenta, y pasos que puedes seguir para ayudarte a manejar la soledad crónica.\r\n\r\n¿Qué es la soledad crónica?\r\nLa soledad crónica ocurre cuando los sentimientos de soledad y de aislamiento social continúan durante un período prolongado. Se caracteriza por sentimientos constantes y continuos de sentirse solo, alejado o separado de los demás y la incapacidad de conectarse a un nivel más profundo. Además, puede estar acompañada de sentimientos profundos de inseguridad, baja autoestima o ansiedad social.1\r\n\r\nLa soledad continua puede afectar incluso a la persona más sociable. Ser \"el alma de la fiesta\" no te excluye de caer en soledad crónica. Este tipo de soledad crónica o a largo plazo puede afectar, con el tiempo, todas las áreas de tu vida.\r\n\r\n¿Cuáles son los principales signos y síntomas de la soledad crónica?\r\nLos signos y síntomas de la soledad crónica pueden variar según la persona y la situación. Si constantemente sientes algunos de estos síntomas o todos ellos, podrías estar experimentando soledad crónica:\r\n\r\nIncapacidad de conectarte con otros en un nivel más profundo e íntimo. Quizás tienes amigos y familiares, pero tu nivel de interacción con ellos es superficial. Tu interacción no se siente conectada de una manera que te brinde satisfacción y esta desconexión parece no terminar nunca.\r\nNo tienes amigos cercanos o \"mejores\" amigos. Tienes amigos, pero son eventuales o apenas conocidos y sientes que nadie \"te entiende\" realmente.\r\nUn enorme sentimiento de aislamiento estés donde estés y con quién estés. Estás en una fiesta con muchas personas, pero te sientes aislado, separado y desconectado. En el trabajo, puedes sentirte distanciado y solo. Lo mismo en el autobús, el tren o en una calle concurrida. Es como si estuvieras en tu propia burbuja inquebrantable.\r\nSentimientos negativos de duda y de autoestima. ¿Sientes que no eres lo suficientemente bueno? Estos sentimientos, a largo plazo, son posibles síntomas de la soledad crónica.\r\nCuando intentas conectarte o comunicarte, no es correspondido y no eres visto o escuchado.\r\nAgotamiento y fatiga cuando tratas de socializar. Si tienes soledad crónica, tratar de salir y socializar con otros puede provocarte agotamiento. Estos sentimientos continuos de agotamiento pueden conducirte a otros problemas, como insomnio, debilidad del sistema inmunológico, una dieta deficiente, entre otros.\r\n¿La soledad crónica puede llevar a problemas de salud?\r\nLos sentimientos de soledad prolongados pueden afectar tu salud de diversas formas. Por ejemplo, la soledad crónica puede aumentar los niveles de cortisol en el cuerpo. El cortisol es una hormona que crea el cuerpo cuando está bajo estrés. Con el tiempo, los altos niveles de cortisol pueden producir presión arterial alta, aumento de peso, debilidad muscular, problemas de concentración, entre otros.2\r\n\r\nSi no se controlan, estos síntomas de soledad pueden aumentar tu riesgo de problemas médicos y emocionales más graves, incluidos los siguientes:3\r\n\r\nDepresión\r\nAnsiedad\r\nDerrame cerebral\r\nEnfermedad cardíaca\r\nSi crees que estás sufriendo de soledad prolongada, consulta con tu médico o terapeuta.\r\n\r\n¿Cómo afecta la soledad crónica a tu cerebro?\r\nLas investigaciones demuestran que la soledad crónica puede tener un impacto significativo en tu salud, incluso en tu cerebro. Algunos estudios incluso sugieren que puede existir un vínculo entre la soledad y un mayor riesgo de desarrollar demencia y Alzheimer.3\r\n\r\nLos sentimientos prolongados de soledad y aislamiento social pueden, además, reducir las destrezas cognitivas, como la concentración, toma de decisiones, solución de problemas e incluso la capacidad de cambiar los pensamientos negativos. Y esto puede llevar a la depresión.4\r\n\r\n¿Quién es más propenso a sentir soledad crónica?\r\nLa soledad crónica o prolongada puede afectar a todas las personas. Es fácil suponer que alguien que es tímido o introvertido por naturaleza podría tener mayor riesgo, pero alguien sociable con personalidad tipo A también puede sentir soledad crónica, aunque parezca ser el alma de la fiesta. Este tipo de soledad no es exclusivo de ningún tipo de personalidad.\r\n\r\nPara algunas personas, la soledad crónica puede convertirse en un efecto secundario de un problema médico o emocional, incluso aquellos relacionados con lo siguiente:\r\n\r\nUso de sustancias\r\nDepresión y trastorno bipolar\r\nEnfermedad o condición grave\r\nFormas leves de autismo, como síndrome de Asperger\r\nDemencia y Alzheimer\r\nTemas relacionados con la orientación sexual\r\nTodos estos temas pueden llevar a sentimientos prolongados de soledad y aislamiento. Asegúrate de que tu médico, terapeuta u otro proveedor de salud sepa cómo te sientes emocionalmente.\r\n\r\n¿Cuáles son algunos consejos para manejar la soledad crónica?\r\nSi estás sufriendo sentimientos de soledad que no desaparecen, ten en cuenta estos consejos:\r\n\r\nHabla con tu médico, terapeuta u otro profesional del cuidado de la salud. La soledad crónica no se limita a los sentimientos de aislamiento social y distanciamiento de los demás. Con frecuencia, está vinculada con creencias continuas y profundas negativas sobre uno mismo que pueden causar otros problemas médicos o emocionales. Cuéntale a alguien lo que te ocurre.\r\nConéctate con otras personas de forma positiva y saludable. Aunque puede resultar difícil, haz el esfuerzo de conectar con los demás. Trabajar como voluntario, inscribirte en algún club, unirte a grupos de ejercicios y otras oportunidades pueden ayudar a levantar tu autoestima y a encontrar una forma segura y satisfactoria de conectarte con otros.\r\nHaz ejercicio y toma un poco de sol. Estar activo y a la luz del sol puede ayudarte a elevar las endorfinas y la serotonina.5 Estas \"hormonas del cerebro\" pueden mejorar el ánimo y calidad del sueño, así como ayudar a las personas a sentirse más felices.\r\nEncuentra un grupo de apoyo, especialmente si la soledad crónica es un efecto secundario de algún otro problema que podrías estar enfrentando, como el uso de sustancias, pérdida de un ser querido, soledad después de un divorcio o separación, una enfermedad de aislamiento o crónica, etc. Recibir apoyo de otras personas que pueden compartir sentimientos similares puede ayudar a aliviar los síntomas de la soledad crónica.\r\nSi estás sufriendo de soledad prolongada y parece que no desaparecerá, habla con tu médico u otro proveedor de cuidado de la salud para que pueda ayudarte. La soledad crónica no se trata únicamente de sentirse solo; si no se controla, puede ponerte en riesgo de problemas físicos y emocionales graves.',	'./audios/audio.wav',	'2023-02-19'),
(20230750008,	20230750008,	'Estos sentimientos continuos de agotamiento pueden\r\nconducirte a otros problemas, como insomnio, debilidad del\r\nsistema inmunológico, una dieta deficiente, entre otros.\r\nAdemás, puede estar acompañada de sentimientos profundos de\r\ninseguridad, baja autoestima o ansiedad social.1  La soledad\r\ncontinua puede afectar incluso a la persona más sociable.\r\nEste tipo de soledad crónica o a largo plazo puede afectar,\r\ncon el tiempo, todas las áreas de tu vida. Estos\r\nsentimientos, a largo plazo, son posibles síntomas de la\r\nsoledad crónica. Si estás sufriendo sentimientos de soledad\r\nque no desaparecen, ten en cuenta estos consejos:  Habla con\r\ntu médico, terapeuta u otro profesional del cuidado de la\r\nsalud.',	'En algún momento de sus vidas, muchas personas pueden sufrir episodios cortos de soledad. Este tipo de sentimientos son generalmente cortos y no se consideran crónicos. Sin embargo, cuando los sentimientos de soledad y aislamiento empeoran y continúan a largo plazo, pueden presentarse síntomas y signos más graves para tener en cuenta, y pasos que puedes seguir para ayudarte a manejar la soledad crónica.\r\n\r\n¿Qué es la soledad crónica?\r\nLa soledad crónica ocurre cuando los sentimientos de soledad y de aislamiento social continúan durante un período prolongado. Se caracteriza por sentimientos constantes y continuos de sentirse solo, alejado o separado de los demás y la incapacidad de conectarse a un nivel más profundo. Además, puede estar acompañada de sentimientos profundos de inseguridad, baja autoestima o ansiedad social.1\r\n\r\nLa soledad continua puede afectar incluso a la persona más sociable. Ser \"el alma de la fiesta\" no te excluye de caer en soledad crónica. Este tipo de soledad crónica o a largo plazo puede afectar, con el tiempo, todas las áreas de tu vida.\r\n\r\n¿Cuáles son los principales signos y síntomas de la soledad crónica?\r\nLos signos y síntomas de la soledad crónica pueden variar según la persona y la situación. Si constantemente sientes algunos de estos síntomas o todos ellos, podrías estar experimentando soledad crónica:\r\n\r\nIncapacidad de conectarte con otros en un nivel más profundo e íntimo. Quizás tienes amigos y familiares, pero tu nivel de interacción con ellos es superficial. Tu interacción no se siente conectada de una manera que te brinde satisfacción y esta desconexión parece no terminar nunca.\r\nNo tienes amigos cercanos o \"mejores\" amigos. Tienes amigos, pero son eventuales o apenas conocidos y sientes que nadie \"te entiende\" realmente.\r\nUn enorme sentimiento de aislamiento estés donde estés y con quién estés. Estás en una fiesta con muchas personas, pero te sientes aislado, separado y desconectado. En el trabajo, puedes sentirte distanciado y solo. Lo mismo en el autobús, el tren o en una calle concurrida. Es como si estuvieras en tu propia burbuja inquebrantable.\r\nSentimientos negativos de duda y de autoestima. ¿Sientes que no eres lo suficientemente bueno? Estos sentimientos, a largo plazo, son posibles síntomas de la soledad crónica.\r\nCuando intentas conectarte o comunicarte, no es correspondido y no eres visto o escuchado.\r\nAgotamiento y fatiga cuando tratas de socializar. Si tienes soledad crónica, tratar de salir y socializar con otros puede provocarte agotamiento. Estos sentimientos continuos de agotamiento pueden conducirte a otros problemas, como insomnio, debilidad del sistema inmunológico, una dieta deficiente, entre otros.\r\n¿La soledad crónica puede llevar a problemas de salud?\r\nLos sentimientos de soledad prolongados pueden afectar tu salud de diversas formas. Por ejemplo, la soledad crónica puede aumentar los niveles de cortisol en el cuerpo. El cortisol es una hormona que crea el cuerpo cuando está bajo estrés. Con el tiempo, los altos niveles de cortisol pueden producir presión arterial alta, aumento de peso, debilidad muscular, problemas de concentración, entre otros.2\r\n\r\nSi no se controlan, estos síntomas de soledad pueden aumentar tu riesgo de problemas médicos y emocionales más graves, incluidos los siguientes:3\r\n\r\nDepresión\r\nAnsiedad\r\nDerrame cerebral\r\nEnfermedad cardíaca\r\nSi crees que estás sufriendo de soledad prolongada, consulta con tu médico o terapeuta.\r\n\r\n¿Cómo afecta la soledad crónica a tu cerebro?\r\nLas investigaciones demuestran que la soledad crónica puede tener un impacto significativo en tu salud, incluso en tu cerebro. Algunos estudios incluso sugieren que puede existir un vínculo entre la soledad y un mayor riesgo de desarrollar demencia y Alzheimer.3\r\n\r\nLos sentimientos prolongados de soledad y aislamiento social pueden, además, reducir las destrezas cognitivas, como la concentración, toma de decisiones, solución de problemas e incluso la capacidad de cambiar los pensamientos negativos. Y esto puede llevar a la depresión.4\r\n\r\n¿Quién es más propenso a sentir soledad crónica?\r\nLa soledad crónica o prolongada puede afectar a todas las personas. Es fácil suponer que alguien que es tímido o introvertido por naturaleza podría tener mayor riesgo, pero alguien sociable con personalidad tipo A también puede sentir soledad crónica, aunque parezca ser el alma de la fiesta. Este tipo de soledad no es exclusivo de ningún tipo de personalidad.\r\n\r\nPara algunas personas, la soledad crónica puede convertirse en un efecto secundario de un problema médico o emocional, incluso aquellos relacionados con lo siguiente:\r\n\r\nUso de sustancias\r\nDepresión y trastorno bipolar\r\nEnfermedad o condición grave\r\nFormas leves de autismo, como síndrome de Asperger\r\nDemencia y Alzheimer\r\nTemas relacionados con la orientación sexual\r\nTodos estos temas pueden llevar a sentimientos prolongados de soledad y aislamiento. Asegúrate de que tu médico, terapeuta u otro proveedor de salud sepa cómo te sientes emocionalmente.\r\n\r\n¿Cuáles son algunos consejos para manejar la soledad crónica?\r\nSi estás sufriendo sentimientos de soledad que no desaparecen, ten en cuenta estos consejos:\r\n\r\nHabla con tu médico, terapeuta u otro profesional del cuidado de la salud. La soledad crónica no se limita a los sentimientos de aislamiento social y distanciamiento de los demás. Con frecuencia, está vinculada con creencias continuas y profundas negativas sobre uno mismo que pueden causar otros problemas médicos o emocionales. Cuéntale a alguien lo que te ocurre.\r\nConéctate con otras personas de forma positiva y saludable. Aunque puede resultar difícil, haz el esfuerzo de conectar con los demás. Trabajar como voluntario, inscribirte en algún club, unirte a grupos de ejercicios y otras oportunidades pueden ayudar a levantar tu autoestima y a encontrar una forma segura y satisfactoria de conectarte con otros.\r\nHaz ejercicio y toma un poco de sol. Estar activo y a la luz del sol puede ayudarte a elevar las endorfinas y la serotonina.5 Estas \"hormonas del cerebro\" pueden mejorar el ánimo y calidad del sueño, así como ayudar a las personas a sentirse más felices.\r\nEncuentra un grupo de apoyo, especialmente si la soledad crónica es un efecto secundario de algún otro problema que podrías estar enfrentando, como el uso de sustancias, pérdida de un ser querido, soledad después de un divorcio o separación, una enfermedad de aislamiento o crónica, etc. Recibir apoyo de otras personas que pueden compartir sentimientos similares puede ayudar a aliviar los síntomas de la soledad crónica.\r\nSi estás sufriendo de soledad prolongada y parece que no desaparecerá, habla con tu médico u otro proveedor de cuidado de la salud para que pueda ayudarte. La soledad crónica no se trata únicamente de sentirse solo; si no se controla, puede ponerte en riesgo de problemas físicos y emocionales graves.',	'./audios/audio.wav',	'2023-04-09'),
(20230750009,	20230750009,	'Los antecedentes conductuales pueden revelar escasa\r\ntolerancia a la frustración, oposición, berrinches,\r\nagresión, malas aptitudes sociales y relaciones con\r\ncompañeros, alteraciones del sueño, ansiedad, disforia,\r\ndepresión y fluctuaciones anímicas. ej., fijación de\r\nobjetivos, autocontrol, adopción de modelos, juego de\r\nroles), suele ser eficaz y ayuda a los niños a comprender el\r\nTDAH y cómo adaptarse a él. Boznovik K, McLamb F, O\'Connell\r\nK, et al: U.S. national, regional, and state‑specific\r\nsocioeconomic factors correlate with child and adolescent\r\nADHD diagnoses. Los médicos deben considerar si el niño es\r\ndistraído por factores externos (es decir, factores\r\nambientales) o internos (es decir, pensamientos, ansiedades,\r\npreocupaciones). ej., en los niños, cruzar una calle sin\r\nmirar, en adolescentes y adultos, de repente dejar la\r\nescuela o un trabajo sin pensar en las consecuencias).',	'El trastorno por déficit de atención/hiperactividad (TDAH) es un síndrome de falta de atención, hiperactividad e impulsividad. Hay 3 tipos de TDAH según predomine la falta de atención, la hiperactividad/impulsividad o una combinación de ambas. El diagnóstico se realiza por criterios clínicos. Por lo general, el tratamiento incluye farmacoterapia con fármacos estimulantes, terapia conductista e intervenciones educacionales.\r\nEl trastorno por déficit de atención/hiperactividad (TDAH) se considera una enfermedad del neurodesarrollo. Los trastornos del neurodesarrollo son las condiciones neurológicas que aparecen en la primera infancia, por lo general antes de entrar a la escuela, y afectan el desarrollo del funcionamiento personal, social, académico y/o laboral. Por lo general implican dificultades con la adquisición, conservación o aplicación de habilidades o conjuntos de información específicos. Los trastornos del desarrollo neurológico pueden implicar disfunción en una o más de las siguientes áreas: la atención, la memoria, la percepción, el lenguaje, la resolución de problemas o la interacción social. Otros trastornos del neurodesarrollo comunes incluyen trastornos del espectro autista, trastornos del aprendizaje (p. ej., dislexia) y discapacidad intelectual.\r\n\r\nAlgunos expertos consideraban previamente al TDAH un trastorno del comportamiento, probablemente debido a os trastornos de la conducta comórbidos, en particular porque los trastornos de oposición desafiante y el trastorno de conducta, son comunes. Sin embargo, el TDAH tiene fundamentos neurológicos bien establecidos y no es simplemente \"mala conducta\".\r\n\r\nSe estima que afecta al 5-15% de los niños (1). Sin embargo, muchos expertos opinan que se sobrediagnostica TDAH, en gran medida por aplicación inexacta de los criterios. Según el Diagnostic and Statistical Manual of Mental Disorders, quinta edición (DSM-5), existen 3 tipos:\r\n\r\nCon predominio del déficit de atención\r\nCon predominio de hiperactividad/impulsividad\r\nCombinado\r\nEn general, el TDAH es 2 veces más común en los varones, aunque las proporciones varían según el tipo. El tipo con predominio de hiperactividad/impulsividad es de 2 a 9 veces más frecuente en los varones; el tipo con predominio de déficit de atención se observa con igual frecuencia en ambos sexos. El TDAH tiende a agruparse en familias.\r\n\r\nEl TDAH no tiene una causa única y específica conocida. Las posibles causas de TDAH son factores genéticos, bioquímicos, sensitivomotores, fisiológicos y conductuales. Algunos factores de riesgo son un peso al nacer < 1.500 g, traumatismo craneoencefálico, deficiencia de hierro, apnea obstructiva del sueño y exposición al plomo, así como exposición prenatal a alcohol, tabaco y cocaína. El TDAH también se asocia con experiencias infantiles adversas (2). Menos del 5% de los niños con TDAH tiene evidencias de daño neurológico. Cada vez más evidencia implica diferencias de los sistemas dopaminérgico y noradrenérgico, con menor actividad o estimulación de la parte superior del tronco encefálico y los haces fronto-mesencefálicos.\r\n\r\nReferencias generales\r\n1. Boznovik K, McLamb F, O\'Connell K, et al: U.S. national, regional, and state‑specific socioeconomic factors correlate with child and adolescent ADHD diagnoses. Sci Rep 11:22008, 2021. doi: 10.1038/s41598-021-01233-2\r\n2. Brown N, Brown S, Briggs R, et al: Associations between adverse childhood experiences and ADHD diagnosis and severity. Acad Pediatr 17(4):349–355, 2017. doi: 10.1016/j.acap.2016.08.013\r\nTDAH en adultos\r\nA pesar de que el TDAH se considera un trastorno de los niños y siempre se inicia durante la infancia, las diferencias neuropsicológicas subyacentes persisten hasta la edad adulta y los síntomas conductuales se siguen evidenciando en la adultez en aproximadamente la mitad de los casos. Aunque el diagnóstico de vez en cuando puede no ser reconocido hasta la adolescencia o la edad adulta, algunas manifestaciones deberían haber estado presentes antes de los 12 años.\r\n\r\nEn los adultos, los síntomas incluyen\r\n\r\nDificultades para concentrarse\r\nDificultad para completar tareas (compromisos en la función ejecutiva)\r\nCambios de humor\r\nImpaciencia\r\nDificultades para mantener las relaciones\r\nLa hiperactividad en adultos por lo general se manifiesta como inquietud e intranquilidad en lugar de la hiperactividad motora que se produce en los niños pequeños. Los adultos con TDAH tienden a tener un mayor riesgo para el desempleo, una reducción de los logros educativos, y aumento de las tasas de abuso de sustancias y la criminalidad. Los choques y las infracciones de vehículos motorizados son más comunes.\r\n\r\nEl TDAH puede ser más difícil de diagnosticar durante la edad adulta. Los síntomas pueden ser similares a los de los trastornos del estado de ánimo, los desórdenes de ansiedad, y los trastornos por uso de sustancias. Puesto que el autoinforme de síntomas infantiles puede ser poco fiables, los médicos pueden tener que revisar los registros escolares o de entrevistas familiares para confirmar la existencia de manifestaciones antes de los 12 años.\r\n\r\nLos adultos con TDAH pueden beneficiarse con los mismos tipos de fármacos estimulantes que los niños con el mismo trastorno. También pueden beneficiarse con el asesoramiento para mejorar el manejo del tiempo y otras habilidades de adaptación.\r\n\r\nSíntomas y signos del TDAH\r\nA menudo, comienza antes de los 4 años de edad y siempre antes de los 12 años. La edad pico para el diagnóstico es entre 8 y 10 años; sin embargo, a veces no se diagnostica hasta después de la adolescencia en pacientes que presentan el tipo con predominio de déficit de atención.\r\n\r\nLos signos y síntomas centrales de TDAH son\r\n\r\nFalta de atención\r\nImpulsividad\r\nHiperactividad\r\nLa falta de atención tiende a aparecer cuando el niño realiza tareas que requieren vigilancia, tiempo de reacción rápido, búsqueda visual y perceptiva y escucha sistemática y sostenida.\r\n\r\nLa impulsividad se refiere a las acciones precipitadas que pueden provocar un resultado negativo (p. ej., en los niños, cruzar una calle sin mirar, en adolescentes y adultos, de repente dejar la escuela o un trabajo sin pensar en las consecuencias).\r\n\r\nLa hiperactividad implica actividad motora excesiva. Los niños, especialmente los más jóvenes, pueden tener dificultades para permanecer sentados en silencio cuando deben hacerlo (p. ej., en la escuela o en la iglesia). Los pacientes mayores pueden ser simplemente nerviosos, inquietos o habladores-a veces hasta el punto de que otras personas se sientan cansadas observándolos.\r\n\r\nLa falta de atención y la impulsividad impiden el desarrollo de habilidades académicas y de estrategias de pensamiento y razonamiento, la motivación para ir a la escuela y la adaptación a las demandas sociales. Los niños que presentan TDAH con predominio de déficit de atención tienen a aprender con la práctica y tienen dificultad en situaciones de aprendizaje pasivo que requieren rendimiento continuo y finalización de tareas.\r\n\r\nEn términos generales, alrededor del 20 al 60% de los niños con TDAH tiene trastornos de aprendizaje, pero se observa cierta disfunción escolar en la mayoría de los niños con este cuadro debido a falta de atención (que conduce a que pasen inadvertidos los detalles) e impulsividad (que determina que los niños respondan sin pensar acerca de las preguntas).\r\n\r\nLos antecedentes conductuales pueden revelar escasa tolerancia a la frustración, oposición, berrinches, agresión, malas aptitudes sociales y relaciones con compañeros, alteraciones del sueño, ansiedad, disforia, depresión y fluctuaciones anímicas.\r\n\r\nSi bien no hay ningún hallazgo específico en la exploración física ni en las pruebas de laboratorio asociado con TDAH, los signos pueden incluir\r\n\r\nIncoordinación motora o torpeza\r\nSignos neurológicos \"blandos\", no localizados\r\nDisfunciones perceptivo-motoras\r\nDiagnóstico del TDAH\r\nCriterios clínicos basados en el DSM-5\r\nEl diagnóstico de TDAH es clínico y se basa en una evaluación exhaustiva de los aspectos médicos, del desarrollo, educativos y psicológicos (véase también the American Academy of Pediatrics\' 2019 clinical practice guideline for the diagnosis, evaluation, and treatment of attention-deficit/hyperactivity disorder in children and adolescents de la american academy of pediatrics).\r\n\r\nCriterios diagnósticos del TDAH según el DSM-5\r\nLos criterios diagnósticos del DSM-5 incluyen 9 signos y síntomas de falta de atención y 9 de hiperactividad e impulsividad. El diagnóstico con estos criterios requiere ≥ 6 síntomas y signos de un grupo o de otro. Además, los síntomas necesitan\r\n\r\nEstar presentes a menudo por ≥ 6 meses\r\nSer más pronunciados que los previstos para el nivel de desarrollo del niño\r\nOcurre en al menos 2 situaciones (p. ej., el hogar y la escuela)\r\nEstar presentes antes de los 12 años (por lo menos algunos de los síntomas)\r\nInterferir con el funcionamiento en el hogar, la escuela o el trabajo\r\nSíntomas de falta de atención:\r\n\r\nNo presta atención a los detalles o comete errores por descuido en las tareas escolares o en otras actividades\r\nTiene dificultad para mantener la atención en las tareas escolares o durante el juego\r\nNo parece escuchar cuando se le habla en forma directa\r\nNo sigue las instrucciones ni finaliza las tareas\r\nTiene dificultad para organizar tareas y actividades\r\nEvita, no le gusta o rehúsa intervenir en tareas que requieren un esfuerzo mental sostenido durante un período prolongado\r\nA menudo extravía objetos necesarios para tareas o actividades de la escuela\r\nSe distrae fácilmente\r\nEs olvidadizo en las actividades diarias\r\nSíntomas de hiperactividad e impulsividad:\r\n\r\nMueve continuamente las manos o los pies, o se retuerce\r\nAbandona a menudo su asiento en la clase o en otros lugares\r\nA menudo corre o trepa en exceso en sitios donde estas actividades resultan inapropiadas\r\nTiene dificultad para jugar tranquilamente\r\nSiempre está haciendo algo o actúa como si tuviera un motor\r\nHabla en exceso\r\nResponde antes de que se completen las preguntas\r\nTiene dificultad para aguardar su turno\r\nInterrumpe a los demás o se entromete en sus actividades\r\nEl diagnóstico del tipo con predominio de déficit de atención exige ≥ 6 signos y síntomas de falta de atención. El diagnóstico del tipo hiperactivo-impulsivo exige ≥ 6 signos y síntomas de hiperactividad e impulsividad. El diagnóstico del tipo combinado exige ≥ 6 signos y síntomas cada uno de falta de atención e hiperactividad-impulsividad.\r\n\r\nOtras consideraciones diagnósticas\r\nLa diferenciación entre TDAH y otros cuadros puede ser difícil. Debe evitarse el sobrediagnóstico, y es preciso identificar con exactitud otros trastornos. Muchos signos de TDAH expresados durante los años preescolares también podrían indicar problemas de comunicación que pueden aparecer en otros trastornos del desarrollo (p. ej., trastornos del espectro autista) o en ciertos trastornos de aprendizaje, ansiedad, depresión o conductuales (p. ej., trastorno de conducta).\r\n\r\nLos médicos deben considerar si el niño es distraído por factores externos (es decir, factores ambientales) o internos (es decir, pensamientos, ansiedades, preocupaciones). Sin embargo, durante etapas más tardías de la infancia, los signos de TDAH se tornan más definidos desde el punto de vista cualitativo; los niños con el tipo hiperactivo-impulsivo o el tipo combinado suelen presentar movimiento continuo de los miembros inferiores, ausencia de persistencia motora (p. ej., movimiento sin objetivo y movimientos constantes de las manos), habla impulsiva y una aparente falta de conciencia de su entorno. Los niños con el tipo predominantemente de falta de atención pueden no tener signos físicos.\r\n\r\nLa evaluación médica se centra en identificar cuadros potencialmente tratables que pueden contribuir a los síntomas y signos o agravarlos. La evaluación debe incluir la búsqueda de antecedentes de exposición prenatal (p. ej., drogas, alcohol, tabaco), complicaciones o infecciones perinatales, infecciones del sistema nervioso central, lesión cerebral traumática, enfermedad cardíaca, trastornos respiratorios del sueño, falta de apetito y/o mala voluntad para comer y antecedentes familiares de TDAH.\r\n\r\nLa evaluación del desarrollo se centra en determinar el comienzo y la evolución de los signos y síntomas. La evaluación incluye la comprobación de los hitos del desarrollo, en particular los hitos del lenguaje y el uso de escalas de calificación de TDAH-específica (p. ej., la Vanderbilt Assessment Scale, la Conners Comprehensive Behavior Rating Scale, la ADHD Rating Scale-IV). Las versiones de estas escalas están disponibles tanto para las familias como para el personal de la escuela, lo que permite la evaluación a través de diferentes situaciones según los criterios del DSM-5. Tenga en cuenta que las escalas no deben usarse solas para hacer un diagnóstico.\r\n\r\nLa evaluación educativa se centra en documentar los signos y síntomas centrales; puede implicar la revisión de registros educacionales y el empleo de escalas de valoración o listas de verificación. Sin embargo, las escalas de valoración y las listas de verificación solas a menudo no permiten distinguir el TDAH de otros trastornos del desarrollo y conductuales.\r\n\r\nPronóstico del TDAH\r\nLas aulas y las actividades académicas tradicionales suelen exacerbar los signos y síntomas en los niños con TDAH no tratado o inadecuadamente tratado. Los problemas de adaptación social y emocional pueden ser persistentes. La escasa aceptación por los compañeros y la soledad tienden a aumentar con la edad y con la manifestación evidente de los síntomas. Puede ocurrir un abuso de sustancias si el TDAH no se identifica y se trata de forma adecuada, ya que muchos adolescentes y adultos con TDAH se automedican tanto con sustancias legales (p. ej., la cafeína) e ilegales (p. ej., la cocaína, anfetaminas).\r\n\r\nSi bien los signos y síntomas de hiperactividad tienden a disminuir con la edad, los adolescentes y adultos pueden presentar dificultades residuales. Los factores predictivos de mal pronóstico en la adolescencia y la adultez son los siguientes:\r\n\r\nEscasa inteligencia coexistente\r\nAgresividad\r\nProblemas sociales e interpersonales\r\nPsicopatología parental\r\nEn la adolescencia y la adultez, los problemas se manifiestan predominantemente por fracaso académico, escasa autoestima y dificultad para aprender una conducta social adecuada. Los adolescentes y adultos que presentan predominantemente TDAH impulsivo pueden tener mayor incidencia de trastornos de los rasgos de personalidad y conducta antisocial; muchos siguen mostrando impulsividad, inquietud y malas aptitudes sociales. Las personas con TDAH parecen ajustarse mejor al trabajo que a las situaciones académicas y domésticas, sobre todo si pueden encontrar trabajos cuya realización no requiera una atención intensa.\r\n\r\nTratamiento del TDAH\r\nTerapia conductista\r\nFarmacoterapia, en forma típica con estimulantes, como metilfenidato o dextroanfetamina (en preparados de corta duración y de larga duración)\r\nEstudios aleatorizados, controlados, muestran que la terapia conductual sola es menos eficaz que el tratamiento con fármacos estimulantes solo en los niños de edad escolar, pero se recomienda la terapia conductual o combinada en los niños más pequeños. Si bien la farmacoterapia no corrige las diferencias neurofisiológicas de base de los pacientes con TDAH, los fármacos son eficaces para aliviar los síntomas y permiten la participación en actividades antes inaccesibles por la escasa atención e impulsividad. Los fármacos suelen interrumpir el ciclo de conducta inapropiada, lo que potencia las intervenciones conductuales y académicas, la motivación y la autoestina.\r\n\r\nEl tratamiento de TDAH en adultos sigue principios similares, pero la selección y la dosificación de los fármacos son individualizadas según otros cuadros médicos.\r\n\r\nDrogas estimulantes\r\nLos preparados estimulantes que incluyen el metilfenidato o sales de anfetamina son los más utilizados. La respuesta es muy variable, y la dosificación depende de la gravedad de la conducta y la capacidad del niño para tolerar el fármaco. La dosificación se ajusta en frecuencia y cantidad hasta alcanzar la equilibrio óptimo entre la respuesta y los efectos adversos.\r\n\r\nPor lo general, el metilfenidato se inicia a razón de 0,3 mg/kg por vía oral 1 vez al día (forma de liberación inmediata) y se aumenta la frecuencia semanalmente, en general hasta alrededor de 2 a 3 veces al día o cada 4 horas durante las horas de vigilia; muchos médicos intentan usar una dosificación a la mañana y al mediodía. Si la respuesta es inadecuada pero el fármaco es tolerado, puede aumentarse la dosis. La mayoría de los niños llegan a un equilibrio óptimo entre beneficios y efectos adversos con dosis individuales de 0,3 a 0,6 mg/kg. El isómero dextro del metilfenidato es la fracción activa y está disponible para la prescripción de media dosis.\r\n\r\nLa dextroanfetamina suele iniciarse (a menudo en combinación con anfetamina racémica) en dosis de 0,15 a 0,2 mg/kg por vía oral 1 vez al día, que después es posible aumentar a 2 o 3 veces al día, o cada 4 horas durante las horas de vigilia. En general, son eficaces dosis individuales de 0,15 a 0,4 mg/kg. La titulación de la dosis debe equilibrar la eficacia con los efectos adversos; las dosis reales varían significativamente entre los individuos, pero, en general, las dosis más altas aumentan la probabilidad de efectos adversos inaceptables. Por lo general, las dosis de dextroanfetamina son alrededor de dos tercios de las de metilfenidato.\r\n\r\nUna vez que se alcanza una dosis óptima de metilfenidato o dextroanfetamina, suele sutituirse por una dosis equivalente del mismo fármaco en una forma de liberación sostenida para evitar la administración en la escuela. Los preparados de acción prolongada son comprimidos con matriz de cera de liberación lenta, cápsulas bifásicas que contienen el equivalente de 2 dosis y píldoras de liberación osmótica y parches transdérmicos que ofrecen 12 h de cobertura. Ya están disponibles preparaciones líquidas tanto de acción corta y de acción prolongada. Las preparaciones dextro puras (p. ej., dextrometilfenidato) se utilizan a menudo para reducir al mínimo los efectos adversos, tales como la ansiedad; las dosis son típicamente la mitad de las preparaciones mixtas. Las preparaciones de profármacos también se utilizan a veces debido a su liberación más suave, mayor duración de acción, menos efectos adversos, y menor potencial de abuso. A menudo, el aprendizaje mejora con dosis bajas, pero la mejoría de la conducta suele requerir dosis más altas.\r\n\r\nLos esquemas de dosificación de fármacos estimulantes pueden ajustarse para cubrir días y horarios específicos (p. ej., durante las horas de escuela, mientras se realiza la tarea para el hogar). Puede intentarse suprimir la medicación los fines de semanas, los feriados o durante las vacaciones de verano. Se recomiendan períodos de placebo (durante 5-10 días escolares para garantizar la fiabilidad de las observaciones) a fin de determinar si los fármacos todavía son necesarios.\r\n\r\nLos efectos adversos comunes de los fármacos estimulantes son\r\n\r\nAlteraciones del sueño (p. ej., insomnio)\r\nCefalea\r\nDolor de estómago\r\nSupresión del apetito\r\nTaquicardia e hiperpresión arterial\r\nLa depresión es un efecto adverso menos frecuente y a menudo puede representar una incapacidad para cambiar fácilmente el foco de concentración (enfoque excesivo). Esto puede manifestarse como una conducta \"apagada\" (a veces descrita por las familias como una especie de zombie) en lugar de una depresión infantil con manifestaciones clínicas habituales. De hecho, los fármacos estimulantes a veces se utilizan como tratamiento adyuvante para la depresión. Un comportamiento \"apagado\" a veces puede tratarse reduciendo la dosis del fármaco estimulante o con un fármaco diferente.\r\n\r\nLos estudios han demostrado que el crecimiento de la talla disminuye después de 2 años de uso de drogas estimulantes, y la desaceleración aparentemente persiste hasta la edad adulta con el uso continuo de drogas estimulantes en forma crónica.\r\n\r\nFármacos no estimulantes\r\nTambién se usa la atomoxetina, un inhibidor selectivo de la recaptación de la noradrenalina. El fármaco es eficaz, pero los datos respecto de su eficacia en comparación con los estimulantes son variables. Algunos niños tienen náuseas, sedación, irritabilidad y berrinches; rara vez, se observa hepatotoxicidad e ideación suicida. Una dosis inicial típica es de 0,5 mg/kg por vía oral 1 vez al día, titulada semanalmente a 1,2-1,4 mg/kg 1 vez al día. La semivida prolongada permite la dosificación 1 vez al día, pero requiere administración continua para ser eficaz. La dosificación diaria máxima recomendada es de 100 mg.\r\n\r\nAntidepresivos selectivos inhibidores de la recaptación de noradrenalina como bupropión y venlafaxina, alfa-2 agonistas como clonidina y guanfacina y otros fármacos psicoactivos en casos de ineficacia de los fármacos estimulantes o de efectos colaterales inaceptables, pero son menos eficaces y no son recomendados como de primera línea. A veces, estos fármacos se utilizan en combinación con estimulantes para lograr efectos sinérgicos; es esencial el control estricto para detectar efectos adversos.\r\n\r\nLas interacciones adversas con medicamentos son una preocupación durante el tratamiento del TDAH. Los fármacos que inhiben la enzima metabólica CYP2D6, incluidos ciertos inhibidores selectivos de la recaptación de serotonina (ISRS) que a veces se utilizan en pacientes con TDAH, pueden aumentar el efecto de los fármacos estimulantes. La revisión de las posibles interacciones farmacológicas (en general utilizando un programa computarizado) es una parte importante del tratamiento farmacológico de los pacientes con TDAH.\r\n\r\nIntervención conductual\r\nEl asesoramiento, incluida terapia cognitiva-conductista (p. ej., fijación de objetivos, autocontrol, adopción de modelos, juego de roles), suele ser eficaz y ayuda a los niños a comprender el TDAH y cómo adaptarse a él. Son esenciales la estructura y las rutinas.\r\n\r\nLa conducta en el aula suele mejorar con un control ambiental del ruido y la estimulación visual, la duración adecuada de las tareas, la novedad, la orientación y la proximidad del maestro.\r\n\r\nCuando persisten las dificultades en el hogar, debe recomendarse a los padres que busquen asistencia profesional adicional y capacitación en técnicas de intervención conductual. Agregar incentivos y recompensas simbólicas refuerza la intervención conductual y suele ser eficaz. Los niños con TDAH en quienes predominan la hiperactividad y el escaso control de los impulsos suelen mejorar en el hogar cuando se establecen estructuras, técnicas de crianza consistentes y límites bien definidos.\r\n\r\nLas dietas de eliminación, los tratamientos con megavitaminas, el uso de antioxidantes u otros compuestos y las intervenciones nutricionales y bioquímicas han tenido efectos menos uniformes. La biorretroalimentación puede ser útil en algunos casos, pero no se recomienda de manera sistemática, ya que no hay evidencia de beneficio sostenido.\r\n\r\nConceptos clave ',	'./audios/audio.wav',	'2023-03-04'),
(20230750018,	20230750000,	'No hay resumen de sesion aún',	'No hay sesiones con el paciente',	'./audios/audio.wav',	'2022-04-01'),
(20230750019,	20230750001,	'No hay resumen de sesion aún',	'No hay sesiones con el paciente',	'./audios/audio.wav',	'2022-04-01'),
(20230750020,	20230750002,	'No hay resumen de sesion aún',	'No hay sesiones con el paciente',	'./audios/audio.wav',	'2022-04-01'),
(20230750021,	20230750003,	'No hay resumen de sesion aún',	'No hay sesiones con el paciente',	'./audios/audio.wav',	'2022-04-01'),
(20230750022,	20230750004,	'No hay resumen de sesion aún',	'No hay sesiones con el paciente',	'./audios/audio.wav',	'2022-04-01'),
(20230750023,	20230750005,	'No hay resumen de sesion aún',	'No hay sesiones con el paciente',	'./audios/audio.wav',	'2022-04-01'),
(20230750024,	20230750006,	'No hay resumen de sesion aún',	'No hay sesiones con el paciente',	'./audios/audio.wav',	'2022-04-01'),
(20230750025,	20230750007,	'No hay resumen de sesion aún',	'No hay sesiones con el paciente',	'./audios/audio.wav',	'2022-04-01'),
(20230750026,	20230750008,	'No hay resumen de sesion aún',	'No hay sesiones con el paciente',	'./audios/audio.wav',	'2022-04-01'),
(20230750027,	20230750009,	'No hay resumen de sesion aún',	'No hay sesiones con el paciente',	'./audios/audio.wav',	'2022-04-01'),
(20230750028,	2023076000,	'No hay resumen de sesion aún',	'No hay sesiones con el paciente',	'./audios/audio.wav',	'2023-04-30'),
(20230750029,	2023076000,	'algo',	' Y ahora una pequeña prueba, que tal vez va a ser más breve, así que ya.',	'./audios/audio.wav',	'2023-04-30'),
(20230750030,	2023076000,	' Una sesiona mas',	' Una sesiona mas',	'./audios/audio.wav',	'2023-04-30');

DROP TABLE IF EXISTS `Sexo`;
CREATE TABLE `Sexo` (
  `Sexo` int NOT NULL AUTO_INCREMENT,
  `Genero` varchar(10) CHARACTER SET utf8mb4 COLLATE utf8mb4_0900_ai_ci NOT NULL,
  PRIMARY KEY (`Sexo`)
) ENGINE=InnoDB AUTO_INCREMENT=3 DEFAULT CHARSET=utf8mb4 COLLATE=utf8mb4_0900_ai_ci;

INSERT INTO `Sexo` (`Sexo`, `Genero`) VALUES
(1,	'Masculino'),
(2,	'Femenino');

DROP TABLE IF EXISTS `Usuario`;
CREATE TABLE `Usuario` (
  `id_usuario` int NOT NULL,
  `usuario` varchar(50) CHARACTER SET utf8mb4 COLLATE utf8mb4_0900_ai_ci NOT NULL,
  `contraseña` varchar(30) NOT NULL,
  `rol` int NOT NULL,
  `Sexo` int DEFAULT NULL,
  PRIMARY KEY (`id_usuario`),
  KEY `rol` (`rol`),
  KEY `Sexo` (`Sexo`),
  CONSTRAINT `Usuario_ibfk_1` FOREIGN KEY (`rol`) REFERENCES `Rol` (`id_rol`) ON DELETE CASCADE,
  CONSTRAINT `Usuario_ibfk_2` FOREIGN KEY (`Sexo`) REFERENCES `Sexo` (`Sexo`) ON DELETE RESTRICT
) ENGINE=InnoDB DEFAULT CHARSET=utf8mb4 COLLATE=utf8mb4_0900_ai_ci;

INSERT INTO `Usuario` (`id_usuario`, `usuario`, `contraseña`, `rol`, `Sexo`) VALUES
(1,	'jacob',	'jacob',	1,	1),
(2,	'Bety',	'Bety',	2,	2),
(75000,	'Brenda Lopez Dominguez ',	'1234',	2,	2),
(75001,	'Yair Juarez Franco ',	'1234',	2,	1),
(75002,	'Daniel Zafet Rodriguez ',	'1234',	2,	1),
(75003,	'Monse Lugo Alvarado ',	'1234',	2,	2),
(75004,	'Francisco Juarez Avalos',	'1234',	2,	1),
(75005,	'Karen Bautista Sandobal',	'1234',	2,	2),
(75006,	'Alejandro Rossano García',	'1234',	2,	1),
(75007,	'Abel de la Peña Salcedo',	'1234',	2,	1),
(75008,	'Isaí del Valle Ruiz',	'1234',	2,	1),
(75009,	'Efraín Pérez Vázquez',	'1234',	2,	1);

-- 2023-05-01 00:23:53